last_name, first_name,player_id,year,p_formatted_ip,p_k_percent,p_bb_percent,xba,xslg,xwoba,xobp,xiso,exit_velocity_avg,launch_angle_avg,sweet_spot_percent,barrel_batted_rate,oz_swing_miss_percent,whiff_percent,n_fastball_formatted,fastball_avg_speed,fastball_avg_spin,fastball_avg_break,n_breaking_formatted,breaking_avg_speed,breaking_avg_spin,breaking_avg_break,n_offspeed_formatted,offspeed_avg_speed,offspeed_avg_spin,offspeed_avg_break,CY-Young finalist/reliever of the year
Garcia, Luis,472610,2016,15.1,18.4,10.5,0.258,0.403,0.324,0.344,0.145,92,2.3,32.1,3.8,57.1,26.6,59.2,96.9,2077,19.2,40.8,85.9,1997,6.4,,,,,FALSE
Marshall, Evan,605359,2016,15.1,11.4,10.1,0.304,0.482,0.368,0.383,0.178,89.2,5,31.1,8.2,43.8,20,59,94.1,2167,17.2,27,86.1,2456,9.2,14,86.1,1826,14.3,FALSE
Carasiti, Matt,571539,2016,15.2,20.5,13.3,0.289,0.462,0.376,0.403,0.173,88.1,12.3,44.2,7.7,42.9,27,79.2,94.8,2105,17.1,,,,,20.8,86.1,1618,14.2,FALSE
Johnson, Steve,489002,2016,16.2,22.7,14.7,0.182,0.339,0.294,0.306,0.157,86.1,23.3,31.9,4.3,21.9,15.6,82.7,89.5,2234,18.4,15.3,68,2086,15.2,2,80.6,1696,20.1,FALSE
Light, Pat,572990,2016,16.2,17.6,17.6,0.252,0.415,0.352,0.391,0.164,89.6,4,24.1,5.2,40,25.4,45.1,95.7,1593,16.1,14.5,92.7,1414,10.4,40.4,86.2,946,5.9,FALSE
Albers, Andrew,452027,2016,17,18.8,7.1,0.262,0.484,0.341,0.314,0.222,88.8,5.8,36.5,12.7,17.9,16,66.3,87.9,1983,21.9,30.7,75.6,2157,5.1,3.1,77.7,1233,16.7,FALSE
Thornton, Matt,407819,2016,17,11.7,7.8,0.284,0.449,0.346,0.349,0.165,90.1,5.3,29.5,6.6,26.5,14.4,93.9,90.7,1894,20.5,6.1,84.1,1824,8.6,,,,,FALSE
De Leon, Jose,592254,2016,17,18.8,8.8,0.263,0.531,0.371,0.355,0.268,89.6,18.2,29.1,10.9,33.3,25.5,66.1,92.2,2186,22,12.8,80.3,2270,10.3,21.1,82.2,1841,17.3,FALSE
Parker, Blake,453284,2016,17.1,19,11.4,0.2,0.284,0.271,0.312,0.084,89.6,11.6,26.4,1.9,46.5,27.3,57,92.8,2258,21,23.6,77.8,2348,10.1,19.4,82,980,12.2,FALSE
Webb, Ryan,444436,2016,17.1,14.5,3.9,0.294,0.448,0.328,0.322,0.154,91.2,7.5,30.6,4.8,31.7,20.3,51,91.5,1910,18.8,28.6,81.2,2241,10.3,20.3,83.8,1812,16.4,FALSE
Williams, Jerome,425532,2016,17.1,9.9,7.4,0.288,0.441,0.345,0.358,0.153,84.7,15.1,43.1,4.6,37.8,21.4,78.5,89.1,2103,15.8,3.5,78.7,2413,5.6,18,84.4,1647,17.8,FALSE
Gilmartin, Sean,543219,2016,17.2,13.9,8.9,0.22,0.357,0.287,0.3,0.137,84.9,11,26.7,3.3,28,21.7,51.3,88.4,1974,21.3,30.3,76.7,2330,13.5,18.4,78.3,1406,18.4,FALSE
Purke, Matt,545357,2016,18,17.9,14.3,0.267,0.377,0.332,0.372,0.11,88.7,4.8,35.1,3.5,41.7,23.3,72,93,2259,21,14,80.1,2154,5.7,14,86.7,1752,17.1,FALSE
Tepera, Ryan,572193,2016,18.1,21.2,9.4,0.194,0.269,0.259,0.299,0.076,85.1,5,26.8,1.8,32.8,29,94.1,93.4,2381,16.5,5.9,85.2,2183,6.9,,,,,FALSE
Ynoa, Gabriel,593679,2016,18.1,19.3,8,0.272,0.357,0.308,0.335,0.085,88.4,9.2,28.6,1.6,39.3,21.9,57.6,94,2003,19.8,36.8,85.2,2186,4.9,5.6,86.1,1963,19.4,FALSE
Sturdevant, Tyler,573188,2016,18.1,18.7,8,0.261,0.402,0.315,0.332,0.141,86.4,14,46.3,5.6,54.8,22.1,82,90.1,2121,16.5,11.7,79.6,1970,6.6,6.3,86,1577,17.6,FALSE
Mahle, Greg,657670,2016,18.1,16.3,11.6,0.268,0.436,0.347,0.372,0.167,88.2,7.2,28.3,8.3,24.5,16.3,56.3,87.6,2078,19.2,27.8,81.8,2094,9.2,15.9,81.7,1832,19.7,FALSE
Adams, Austin,542866,2016,18.1,19.3,8,0.271,0.498,0.349,0.329,0.227,93.9,10.1,34.4,7.8,51,24.7,63.6,96.7,2284,19.5,27.8,86.7,2436,4.8,8.6,89.4,1850,14.3,FALSE
Hoover, J.J.,543331,2016,18.2,15.5,12.4,0.31,0.651,0.437,0.403,0.341,90,16.7,42,18.8,37.7,23.2,65.1,92.3,2302,18.7,31,80.9,2454,9.4,3.9,86.8,2059,16.4,FALSE
Alexander, Scott,518397,2016,19,19,8.3,0.244,0.347,0.288,0.304,0.103,88,0.4,18,3.3,42.1,27,72.2,91.2,2104,15.1,22.8,83.2,2062,4.9,4.9,83.6,1614,15.6,FALSE
VerHagen, Drew,572403,2016,19,11.1,7.8,0.279,0.434,0.332,0.34,0.155,88.7,6.1,23.6,5.6,26.3,17.6,64,94.9,2033,22.5,31.3,78.8,2302,14.2,4.7,87.1,2057,19.4,FALSE
Montero, Rafael,606160,2016,19,21.5,17.2,0.276,0.462,0.374,0.401,0.185,86.5,13.5,36.8,7,30.8,24.5,56.8,93.1,2323,18.4,20.8,83.7,2322,8.6,22.4,85.8,1971,18.1,FALSE
Klein, Phil,607309,2016,19.1,22.1,10.5,0.266,0.44,0.352,0.357,0.175,88,13.9,38.6,7,29.6,21.9,59.4,92.4,2177,20.9,35,85.6,2272,10,5.6,86.2,1479,17.6,FALSE
Avilan, Luis,501593,2016,19.2,34.1,12.2,0.147,0.179,0.201,0.275,0.032,81.6,8,31,0,62.9,37.7,46,92.6,2195,18.7,6.4,76.2,2390,12,47.6,82.4,2192,14.2,FALSE
Glover, Koda,606983,2016,19.2,19.3,8.4,0.217,0.382,0.291,0.292,0.165,89.6,12.6,32.2,5.1,40,23.6,45.1,97.3,2144,20.8,54.2,89.1,2509,7.7,0.6,86.2,1422,15.9,FALSE
Chamberlain, Joba,501955,2016,20,22,13.4,0.215,0.296,0.276,0.331,0.081,87.4,4.9,28.8,1.9,50.8,28.2,52.6,94,2117,19.2,47.4,84.4,2369,6.1,,,,,FALSE
Marquez, German,608566,2016,20.2,15.3,6.1,0.175,0.222,0.221,0.252,0.048,87.5,1.9,24.3,0,38.2,20.9,62.6,93.9,2171,15.4,28.6,79,2746,12.1,8.9,83.2,1497,13,FALSE
Patton, Spencer,607359,2016,21.1,21.8,13.9,0.257,0.395,0.339,0.367,0.139,89.8,11.3,45.3,4.7,46.2,26.5,64.2,92.8,2078,17.9,31.5,84.6,1959,5.5,4.3,84.4,1477,12.8,FALSE
O'Sullivan, Sean,457711,2016,21.1,13.3,6.1,0.315,0.492,0.368,0.368,0.177,91.1,13.9,39,5.2,17.8,13.7,55.6,90.7,2084,19.9,40.5,79.5,2035,10.2,3.9,82.8,1788,19.7,FALSE
Giolito, Lucas,608337,2016,21.1,10.9,11.9,0.336,0.575,0.425,0.422,0.239,91.4,12.5,39,9.1,24.5,13.7,71.1,94,2063,20.7,17.8,80.6,2517,15.4,11.1,84.2,1587,15.6,FALSE
Moscot, Jon,621209,2016,21.1,9.5,9.5,0.339,0.645,0.438,0.409,0.306,89.7,11.3,43.4,12,22.6,10.7,49.9,91.4,2169,17.8,40,81.8,2084,5.2,10.2,82.6,1481,16.7,FALSE
Suter, Brent,608718,2016,21.2,16.5,5.5,0.26,0.361,0.295,0.309,0.101,84.5,14.7,37.1,2.9,40,21.1,68.3,84.3,2128,12.5,21.6,73.1,2161,9.3,10.1,78.7,1775,18.1,FALSE
Mariot, Michael,592527,2016,21.2,24.2,14.7,0.193,0.385,0.304,0.312,0.192,88.4,20.3,31,6.9,56.5,24.7,54.5,93.5,2319,22,44.1,81.9,2710,8.6,1.3,85.8,1973,17.4,FALSE
Hessler, Keith,594857,2016,21.2,10.7,12.6,0.25,0.456,0.345,0.353,0.206,87.3,15.6,37.2,5.1,25.5,17.2,68.8,92.2,2301,19.6,31.2,83.6,2150,5.6,,,,,FALSE
Kelly, Casey,543391,2016,21.2,6.9,6.9,0.313,0.54,0.387,0.375,0.227,88.6,12,33.7,10.5,20.3,14.8,67.9,90.6,2114,17.1,21.9,80.3,2222,9.9,10.1,86,1512,18.3,FALSE
Strahm, Matt,621381,2016,22,34.1,12.5,0.182,0.255,0.25,0.292,0.073,85.8,10.8,37,2.2,41.7,31.7,78,94.5,2348,22.1,13.6,78.7,2903,15.3,8.4,84.9,2259,20.7,FALSE
Campos, Leonel,599998,2016,22,24.5,14.3,0.188,0.297,0.27,0.312,0.109,87.6,7.5,23.7,3.4,53.8,33.1,51.3,93.5,2074,20.1,39.7,86.5,1985,6.4,8.9,86.3,1844,11,FALSE
Hoyt, James,624586,2016,22,30.8,9.9,0.188,0.346,0.272,0.278,0.158,87.8,5.1,22.6,9.4,51.8,31.7,38.5,94.1,2166,22.1,54.2,86.5,2429,5,7.3,88.8,1263,12.5,FALSE
Kiekhefer, Dean,518883,2016,22,14.3,7.1,0.282,0.456,0.332,0.345,0.175,86.9,11.1,30.7,4,36.4,20.5,59.7,87.9,1890,17.4,22.2,77.9,2242,5,18.2,83.9,1750,14.6,FALSE
Venditte, Pat,519381,2016,22,18.6,10.8,0.256,0.462,0.351,0.351,0.206,90,15.9,31.4,8.6,31.4,24.7,53.5,83.2,2567,13.2,44.7,73,2828,16.4,1.8,79.7,1694,14.7,FALSE
Venditte, Pat,519381,2016,22,18.6,10.8,0.256,0.462,0.351,0.351,0.206,90,15.9,31.4,8.6,31.4,24.7,51.7,85.7,2424,17.1,47.4,73,2914,17.6,0.9,77.7,1541,16.8,FALSE
Venditte, Pat,519381,2016,22,18.6,10.8,0.256,0.462,0.351,0.351,0.206,90,15.9,31.4,8.6,31.4,24.7,53.5,83.2,2567,13.2,44.7,73,2828,16.4,1.8,79.7,1694,14.7,FALSE
Venditte, Pat,519381,2016,22,18.6,10.8,0.256,0.462,0.351,0.351,0.206,90,15.9,31.4,8.6,31.4,24.7,51.7,85.7,2424,17.1,47.4,73,2914,17.6,0.9,77.7,1541,16.8,FALSE
Owens, Henry,596064,2016,22,20.4,19.4,0.223,0.457,0.363,0.38,0.234,88.8,24.4,32.8,8.2,31.3,26.7,56.4,89.1,2258,24.3,13.7,73.5,2220,12.1,29.9,77.2,1544,18.2,FALSE
Cobb, Alex,502171,2016,22,15.4,6.7,0.292,0.516,0.364,0.339,0.224,89.7,8.8,28.4,9.9,23.4,17.3,49,90.9,2083,22.8,22.3,80.3,2499,14.8,28.8,85.7,1665,21.9,FALSE
Street, Huston,434718,2016,22.1,13.3,11.4,0.279,0.523,0.368,0.359,0.244,88.5,14.2,40.5,10.1,33.3,19.4,46.9,88.8,2228,23.7,34.2,83.4,2172,10.6,18.9,81,1879,19.7,FALSE
Danks, John,433579,2016,22.1,16,11,0.299,0.593,0.4,0.37,0.294,91.3,19.5,37,12.3,33.3,20.9,62.5,87,2348,22.1,10.1,74.7,2028,7.7,27.4,81.4,1814,22.7,FALSE
Alcantara, Raul,593417,2016,22.1,13.6,3.9,0.312,0.665,0.424,0.36,0.353,92.6,13.9,33.3,17.3,20.4,14.3,66.1,93.7,2152,20.4,15,85.8,2008,8.4,18.9,85.4,1593,17.2,FALSE
Chafin, Andrew,605177,2016,22.2,28.6,11.2,0.213,0.294,0.274,0.311,0.081,88.1,9.2,25.9,3.4,53.6,31,72.1,93.5,2120,21,27.6,82.8,2256,3.7,0.3,85.9,1849,20.5,FALSE
Bleier, Richard,542947,2016,23,14.1,4.3,0.28,0.405,0.32,0.322,0.125,90.3,3.7,33.8,2.7,26.9,19.3,61.3,90,1910,19,23.5,83.2,1855,5,15.2,81.8,1600,18.7,FALSE
Chargois, JT,608638,2016,23,17,12,0.256,0.375,0.326,0.352,0.12,91.6,3.1,24.3,4.3,40.4,22,61.8,96.9,2268,19.3,26.9,87.7,2301,4.5,11.3,88.2,1837,11.8,FALSE
Bailey, Homer,456701,2016,23,24.3,6.3,0.292,0.432,0.337,0.345,0.14,90.4,8.7,38.7,8,38,20.7,52.8,93.5,2100,17.8,32.3,85.3,1931,8.7,14.8,86.8,1332,14,FALSE
Eveland, Dana,445968,2016,23,17.6,16,0.272,0.446,0.373,0.412,0.173,86.9,6,42.1,7.9,42,21.2,50.3,89.9,2237,20.7,46.8,82.2,3006,13.9,2.9,83.6,2172,16.8,FALSE
Glasnow, Tyler,607192,2016,23.1,22.9,12.4,0.188,0.305,0.284,0.313,0.117,85.9,10.3,26.2,3.1,50.9,27.7,63.2,94.1,2212,17,35.2,79.8,2458,14.6,1.6,89.5,1710,14.8,FALSE
Valdez, Jose A.,572308,2016,23.1,22,16,0.247,0.437,0.353,0.368,0.19,90.8,15.3,40.3,6.5,38.1,25.3,59.8,96,2420,21.6,40.2,85.3,2240,5.8,,,,,FALSE
Motte, Jason,435400,2016,23.2,22,7.3,0.273,0.527,0.364,0.337,0.255,90.5,13.4,33.3,12,37.3,17.8,90.9,92.2,2232,15.3,4.6,83.2,1865,6,4.6,82.8,1337,12.9,FALSE
Escobar, Edwin,546276,2016,23.2,14.7,10.3,0.287,0.509,0.379,0.386,0.222,89.2,15.4,45.8,9.6,39.6,20.6,77.6,92.4,2336,21.8,19.9,80.8,2022,4.7,2.5,85.4,1850,17.8,FALSE
Hutchison, Drew,571800,2016,24,21.2,6.7,0.255,0.485,0.349,0.323,0.23,89.2,16.5,41.1,9.6,38.7,23.1,63.3,92.6,2322,20.1,27.9,84.9,2584,4,8.7,85.6,1712,18.7,FALSE
Ramirez, Neil,519166,2016,24,22.4,16.8,0.223,0.515,0.369,0.357,0.292,91.9,22.2,30.8,15.4,37.7,25.9,59.1,92.6,2356,22.6,40.7,85.3,2217,9.5,0.2,84.7,2033,23.7,FALSE
Capuano, Chris,425626,2016,24,25.5,14.2,0.261,0.52,0.375,0.373,0.259,92.4,12.4,41.3,12.7,44.8,25.5,48.8,89.1,2433,22.9,29.5,82.3,2436,7.1,21.6,78.1,1553,16.6,FALSE
Boxberger, Brad,502202,2016,24.1,19.3,16.7,0.194,0.295,0.29,0.335,0.101,87.7,14.4,19.7,2.8,32.9,25.2,66.8,91.9,2321,19.9,1.7,82.7,2208,9.5,31.5,79.8,1398,14.8,FALSE
Cotham, Caleb,571584,2016,24.1,17.9,10.3,0.292,0.423,0.347,0.379,0.131,87,13.6,34.6,3.7,54.3,23.2,58.2,92.9,2245,19.9,41.8,84.9,2709,9.7,,,,,FALSE
Medlen, Kris,450665,2016,24.1,15.1,16.8,0.302,0.457,0.391,0.422,0.154,89.7,10.3,32.1,6.2,31,23.2,54.9,91.3,2259,21.6,30.3,82.3,2884,11.4,14.7,85.6,1956,21.1,FALSE
Overton, Dillon,592614,2016,24.1,13.3,5.5,0.352,0.731,0.462,0.389,0.379,91.7,18.1,47.6,16.5,31,20.5,55.5,88.5,2210,20.8,10.1,73.9,2149,5.1,34.4,79.3,1585,17.9,FALSE
Smith, Chris,434672,2016,24.2,29,13,0.188,0.285,0.269,0.297,0.097,87.8,8.3,31,5.2,52.5,36.1,49.2,88.1,2214,22.8,26,78.6,2068,8,24.8,77.3,1576,17.2,FALSE
Whalen, Rob,547007,2016,24.2,22.7,10.9,0.172,0.322,0.276,0.287,0.15,87.1,12.7,31.4,4.3,48.4,25.4,66.1,89.7,2366,14.6,25.4,80.6,2525,8.5,8.5,82.8,1609,12.7,FALSE
Rasmus, Cory,474284,2016,24.2,14.9,14,0.23,0.408,0.331,0.345,0.178,89.5,21.9,28.7,6.3,33.3,23.9,45.1,92.3,2285,22.7,35.1,81.4,2233,11.2,19.8,85.5,1667,19.9,FALSE
McFarland, T.J.,519008,2016,24.2,6.3,8.9,0.291,0.445,0.342,0.36,0.155,87.3,2.8,25.8,5.4,30.6,13.5,69.2,92.3,2143,20.7,17.7,80.3,2265,6.4,13.1,84.7,1781,18.7,FALSE
Bracho, Silvino,611093,2016,24.2,14.3,8.4,0.257,0.473,0.352,0.342,0.215,89.4,22.4,36,7.9,29,23,64.8,93.3,2374,19.4,25.3,82.3,2224,9.3,9.8,83.9,1947,13.3,FALSE
Bergman, Christian,548357,2016,24.2,18.5,5,0.301,0.556,0.385,0.34,0.256,91.5,15.3,34.1,9.9,29.2,18.8,44.9,90.2,2133,19.6,38.2,85.7,2157,11.7,17,81.8,1832,16.6,FALSE
Turner, Jacob,545363,2016,24.2,14.8,13.1,0.318,0.551,0.417,0.422,0.233,92.7,4.2,40.7,9.3,31.8,17.2,76.5,94.4,2162,18,17,80.9,2116,3.5,6.4,88.3,2000,16.8,FALSE
O'Rourke, Ryan,594951,2016,25,23.8,9.9,0.2,0.334,0.277,0.288,0.133,87.3,11.9,21.2,6.1,44.7,27.6,45.1,90.2,2107,19.9,38.3,79.5,1893,10.8,16.5,81.5,1276,13.2,FALSE
Mitchell, Bryan,571951,2016,25,10.3,11.2,0.272,0.399,0.333,0.354,0.127,88.1,11,27.4,3.6,28.3,15.8,75.3,94.4,2294,20.1,21.4,82.1,2800,13.9,3.4,87.5,1862,22.7,FALSE
Lobstein, Kyle,543456,2016,25,13.6,10.9,0.287,0.45,0.36,0.379,0.163,88.1,8.8,32.1,4.9,31.3,18.9,85.5,87.1,2065,17,6.9,77.1,2158,4.7,7.6,80.1,1571,15.4,FALSE
Beck, Chris,571476,2016,25.1,16.3,13.8,0.248,0.384,0.33,0.363,0.135,86.9,11.4,38.1,4.8,38.4,26.6,57.7,94.9,1988,19.6,19.2,86.5,2123,6.4,23.1,87.9,1519,13.9,FALSE
Meyer, Alex,543542,2016,25.1,24.8,14.5,0.245,0.453,0.352,0.354,0.209,89.4,15,36.6,9.9,41.2,23.8,58.2,95.9,2297,21.6,31.3,84.9,2415,6.9,10.5,89.9,1966,19.8,FALSE
Hardy, Blaine,543278,2016,25.2,17.9,10.7,0.23,0.379,0.301,0.313,0.149,88.8,11.2,28.7,5,30.9,23.7,59,88.3,2205,21.8,18.3,75.9,1900,14.9,22.7,79.4,1942,19.4,FALSE
Martin, Cody,592533,2016,25.2,14,8.4,0.296,0.529,0.38,0.36,0.234,88.5,12.3,31.7,11,27.7,18.7,65.9,87.9,1976,17.5,30.6,76.6,2328,15.2,3.5,82.9,1426,17.7,FALSE
Oberg, Scott,623184,2016,26,17.7,9.7,0.238,0.367,0.299,0.319,0.129,89,7.5,21,3.7,47.2,24.1,60,95.2,2146,16,35.1,84.1,2694,8.4,4.9,87,1771,15.6,FALSE
Dayton, Grant,594795,2016,26.1,38.6,5.9,0.144,0.264,0.208,0.203,0.12,83.5,22.4,29.1,7.3,42.3,31.6,77.8,92.8,2316,23.1,14.5,75.3,2339,8.6,7.7,84.5,2267,9.5,FALSE
Barnes, Jacob,606930,2016,26.2,24.5,5.7,0.219,0.324,0.255,0.264,0.105,86.7,9.3,28.4,4.1,61.5,33.5,59.8,95.2,2365,18.3,40.2,88.9,2293,6.3,,,,,FALSE
Alvarez, Dario,516714,2016,26.2,36.3,6.2,0.202,0.351,0.274,0.28,0.149,89.8,15.8,27.4,8.1,51.8,31.3,43.5,93.1,2420,17.3,56.5,83.2,2044,9.1,,,,,FALSE
Lopez, Javier,425657,2016,26.2,12.7,12.7,0.249,0.339,0.317,0.358,0.09,87.8,3.5,24.4,4.7,34.4,15.7,69.2,84.8,2124,17,25.6,77,2029,7.3,5.2,79.7,2054,17.7,FALSE
Jungmann, Taylor,543380,2016,26.2,14.3,13.5,0.272,0.504,0.389,0.391,0.233,89.2,10.6,38.6,11.4,33.3,18,62.7,90.2,2303,15,31.4,75.7,2877,16.9,5.9,85.7,2128,17.8,FALSE
Geltz, Steve,544993,2016,26.2,20.5,8,0.283,0.68,0.423,0.347,0.397,92.4,23.1,39.2,21.5,36.1,23.8,69.7,93,2267,24.5,19.1,81.4,2361,10,11.2,84,1031,10.8,FALSE
Ottavino, Adam,493603,2016,27,32.7,6.5,0.194,0.272,0.243,0.262,0.078,88.8,1.7,17.5,1.6,45.3,28.9,56.5,94.3,2145,14.9,42.9,82.1,2799,12.2,0.7,89,2559,7.2,FALSE
Leone, Dominic,608678,2016,27,17.6,9.2,0.276,0.483,0.352,0.345,0.208,88.1,10.7,34.7,8.4,41.6,24.2,82.7,92.2,2295,15.6,17.3,83.2,2067,4.5,,,,,FALSE
Kahnle, Tommy,592454,2016,27.1,21,16.8,0.195,0.271,0.273,0.331,0.076,85.4,7.8,25.7,1.4,39.3,24.2,73.6,97.2,2319,15.9,10.2,84.7,2485,8.4,16.2,89.3,1389,15.9,FALSE
Peralta, Joel,407908,2016,27.1,27.7,6.7,0.242,0.431,0.313,0.297,0.189,87.7,26.8,42.9,7.8,32.3,27.1,52.9,90.4,2411,23.5,17.2,78.4,2569,8.1,29.9,81.3,1226,16.5,FALSE
Putnam, Zach,474029,2016,27.1,26.3,9.6,0.27,0.417,0.325,0.337,0.147,89.7,10.8,38.4,6.8,48.4,36.8,31.9,91.1,2276,19.7,,,,,68.1,85,1648,17.7,FALSE
Araujo, Elvis,542587,2016,27.1,21.6,12.7,0.261,0.442,0.348,0.365,0.181,89.9,14.8,33.7,7,45.1,27.4,61.3,92.8,2318,22.7,34.8,84.8,2267,9.8,3.9,87.7,2107,18.4,FALSE
Asher, Alec,594742,2016,27.2,11.7,3.6,0.253,0.382,0.294,0.293,0.129,86.8,16.5,35.9,1.1,20.8,13.3,59.2,90,2219,22,23.5,80.7,2224,5.3,17.3,81.7,1750,20.5,FALSE
Bolsinger, Mike,502211,2016,27.2,20.5,7.4,0.31,0.578,0.402,0.374,0.267,90.7,15.8,39.5,11.6,47,25,42.7,88.3,2166,17.6,55.6,79.8,2410,8.8,1.7,83.7,1771,15.2,FALSE
Stewart, Brock,592779,2016,28,19.8,9.5,0.241,0.406,0.313,0.314,0.165,85.6,15.8,29.2,5.6,36.2,24.2,64.8,93.8,2472,19.4,16.5,86.3,2295,6.2,18.8,81.6,1925,19.4,FALSE
Bassitt, Chris,605135,2016,28,17.3,10.5,0.286,0.548,0.387,0.362,0.261,90,12.1,34.4,11.5,38.2,20.1,59.2,93.2,2181,20.5,33,77.8,2283,13.9,7.8,83.4,1945,20,FALSE
Cravy, Tyler,572788,2016,28.1,19,10.3,0.252,0.446,0.335,0.335,0.194,89.7,18,42,6.2,41.5,27.6,62.2,91.9,2084,19.1,23.7,82.3,2080,7,14.1,84.6,1548,14.5,FALSE
O'Flaherty, Eric,447714,2016,28.2,16.2,8.1,0.248,0.39,0.308,0.321,0.142,89.3,7,29.7,5,41,20.6,72.3,91.2,1968,15.9,27.1,84,2396,5.7,0.6,86.4,1692,14.1,FALSE
Goody, Nick,580792,2016,29,26.6,9.4,0.241,0.485,0.345,0.32,0.243,91.2,22.3,38.3,9.9,54.7,32.4,52.3,91.4,2242,22.4,47.5,82.8,2101,6.8,0.2,87,2043,17.5,FALSE
Cotton, Jharel,605194,2016,29.1,20.5,3.6,0.219,0.365,0.264,0.247,0.146,88.2,21.4,29.4,7.1,36.5,24.9,47.5,92.8,2210,21.7,24.2,85.8,2356,10.1,28.3,77.6,2213,14.3,FALSE
Farmer, Buck,571656,2016,29.1,20.6,15.3,0.197,0.331,0.306,0.331,0.133,86.9,11.6,19.3,7.2,41.7,25.8,64.9,93.1,2374,20.2,10.8,81.4,2422,4.6,24.3,86.3,1828,15.8,FALSE
Roe, Chaz,475054,2016,29.2,29.8,11.3,0.193,0.319,0.283,0.295,0.126,90.3,7,29.2,5.6,52.3,30.6,44.3,93.2,2351,16.4,55.7,83.6,2689,13.8,,,,,FALSE
Ynoa, Michael,573589,2016,30,22.4,12.7,0.199,0.314,0.29,0.331,0.115,89.6,15.2,28.9,3.6,37.5,20.8,67.2,94.9,2263,20.6,28.7,85.4,2434,9.5,4.1,88.1,1904,17.8,FALSE
Despaigne, Odrisamer,628333,2016,30.1,12.6,11.9,0.283,0.418,0.342,0.37,0.135,86.1,12.2,38.6,5,28.4,19.9,68.7,92.7,2245,16.9,23.8,82.8,2810,11.7,7.5,79.4,1410,16.3,FALSE
Romo, Sergio,489265,2016,30.2,28.2,6,0.217,0.412,0.287,0.264,0.195,84.5,17.8,32.5,7.8,47.3,33.5,29.2,86.6,2228,19.5,63.5,76.4,2805,16.4,7.3,82.8,1927,17.3,FALSE
Swarzak, Anthony,461872,2016,31,25,5.6,0.195,0.392,0.273,0.245,0.198,87.6,13.2,21.2,9.4,36.4,21.7,48.8,94,2309,23,51.2,87.2,2391,8.1,,,,,FALSE
O'Day, Darren,503285,2016,31,29,9.9,0.204,0.338,0.273,0.289,0.134,87.3,17.7,34.2,7.6,47,30.8,55,86.7,2233,16.5,45,79.8,2066,7.6,,,,,FALSE
Floyd, Gavin,425856,2016,31,24.2,6.5,0.205,0.364,0.276,0.274,0.159,90.5,14.1,32.5,7.2,56,33.3,64.3,92.4,2166,18.1,34,81.6,2414,10.3,1.7,87.1,1935,15.9,FALSE
Hoffman, Jeff,656546,2016,31.1,15,11.6,0.261,0.468,0.35,0.347,0.206,89.6,9,29.6,7.4,31.7,18.2,58.7,94.6,2396,20.7,26.3,79.6,2740,12.1,15,87.1,2230,19.3,FALSE
Ranaudo, Anthony,519168,2016,31.1,11.9,13.2,0.251,0.502,0.369,0.353,0.25,88.9,16.1,31,13.3,16,13.2,57.1,91.6,2249,21.7,37.2,81.3,2174,8.8,5.6,85,1755,18.2,FALSE
Johnson, Erik,605304,2016,31.1,14.4,7.5,0.303,0.577,0.39,0.351,0.274,92.4,12.8,29.8,8.8,36.7,16.8,61,90.2,2143,21.4,30.6,79.6,2449,10.6,8.4,79.2,1674,18,FALSE
Peacock, Brad,502748,2016,31.2,22,11,0.213,0.392,0.303,0.299,0.179,89.7,14.7,30.6,9.4,44.6,21,52.6,92.5,2260,21.5,46.7,79.7,2380,15.1,0.6,84.2,2184,20.7,FALSE
Maness, Seth,595307,2016,31.2,11.9,6,0.278,0.408,0.309,0.319,0.13,89.7,2.8,31.8,4.5,26.1,14.8,69.5,88.6,1866,17.4,5.5,79.3,2147,5.1,25,83,1617,16.9,FALSE
Murray, Colton,605396,2016,31.2,21.8,9.2,0.272,0.485,0.361,0.353,0.213,92.2,15.1,37.9,9.5,49.3,24.4,68,94.1,2127,22.6,30.1,82.9,2301,10,1.9,85.5,939,16.7,FALSE
Ogando, Alexi,468396,2016,32,19.6,15.5,0.245,0.366,0.324,0.372,0.121,89.2,13.2,29.5,4.2,40.4,22.8,69,94.6,2314,20.7,28.8,84.7,2251,6.9,2.2,85.7,1576,18.4,FALSE
Knebel, Corey,608349,2016,32.2,26.2,11,0.221,0.353,0.29,0.313,0.132,89.8,13.4,34.4,5.6,34.9,23,69.7,95.9,2282,19.8,29.7,82,2527,15.7,0.7,95.2,2343,22.3,FALSE
Ramirez, Jose,542432,2016,32.2,23.1,12.6,0.206,0.366,0.313,0.336,0.16,89,18.2,34.1,5.7,36.8,28.9,64.4,96,2332,21.7,27.1,87.2,2265,7.7,8.5,86.5,2283,21.6,FALSE
Qualls, Chad,430589,2016,32.2,14.5,5.9,0.303,0.502,0.363,0.345,0.199,89.4,6,32.2,9.9,42.2,23.4,58.3,90.8,2034,17.3,39.8,84.8,2355,8.1,1.9,83.2,1557,16.2,FALSE
Ellington, Brian,623395,2016,33,22.5,11.3,0.173,0.282,0.252,0.279,0.109,88.6,24.1,27.5,4.4,42.9,25.5,76.7,98.6,2464,21.8,14.9,86.7,2419,5.8,8.4,88.9,2287,18.2,FALSE
Shreve, Chasen,592741,2016,33,23.2,9.2,0.231,0.418,0.322,0.318,0.188,88.4,10.6,31.2,8.6,46,30.9,48.4,92.1,2390,24.1,19.4,81.9,2081,4.8,32.2,82.9,1054,12.1,FALSE
Brault, Steven,643230,2016,33.1,17.5,10.2,0.24,0.366,0.306,0.328,0.126,89.5,9.8,29.7,4.2,41.6,25,67.2,91.6,2094,20.8,24.2,83.9,1940,6,8.7,85.3,2049,21.2,FALSE
Hunter, Tommy,488984,2016,34,16.5,5.8,0.281,0.371,0.309,0.333,0.09,88.4,8.8,28.3,1.9,36.6,21.7,79.7,94.6,2463,19.2,19.7,85.2,2492,9.1,0.6,91.4,2448,16.9,FALSE
Kela, Keone,605309,2016,34,30,11.3,0.232,0.433,0.335,0.335,0.201,89.8,9.1,36.5,10.6,49.5,28.8,62.3,96.4,2246,22.1,35.9,84.5,2301,3.7,1.7,90.1,1670,19.7,FALSE
Vargas, Cesar,570714,2016,34,18.2,9.7,0.25,0.454,0.34,0.33,0.204,88,4.4,28.2,10,36.3,22.7,67.7,89.9,2422,12.9,29.4,79.1,2528,8.2,3,80.8,2005,14.4,FALSE
Scahill, Rob,543746,2016,34.2,18.4,6.1,0.249,0.329,0.291,0.316,0.08,88.5,2.9,22.4,1.9,41.1,24.2,76.9,93.8,2382,16.4,22.2,86.5,2790,9.3,0.9,89,2154,14.5,FALSE
Richards, Garrett,572070,2016,34.2,23,10.1,0.24,0.39,0.311,0.323,0.151,89,9.2,34.7,5.1,37.7,24,62.4,96.3,2502,16,28.5,87.9,2820,5.8,9.2,88.4,1817,17.6,FALSE
Fields, Josh,451661,2016,35,26.6,7,0.222,0.383,0.283,0.28,0.16,90.5,21.1,27.9,5.8,39.7,28.5,63.5,95.4,2246,21.5,32.1,80.7,2082,12,4.5,81.1,1520,15.2,FALSE
Henderson, Jim,449104,2016,35,25.8,9,0.228,0.413,0.313,0.306,0.185,89,23.2,34.3,8.1,28.7,22.6,81.9,94,2243,21.8,18.1,84.6,2204,7.6,,,,,FALSE
Papelbon, Jonathan,449097,2016,35,20.4,9.2,0.257,0.434,0.321,0.326,0.177,91.2,18,38.3,6.5,42.4,23.6,63.4,91.6,2074,22.2,19.6,80.3,1829,3,17.1,86.5,1481,17.5,FALSE
Gonzalez, Severino,605894,2016,35.1,22.5,4.6,0.245,0.404,0.292,0.283,0.159,87.7,21.4,39.4,8.3,35.2,22.2,60,93.9,2459,20.3,25.8,81.4,2618,8.4,14.1,86.8,1847,19,FALSE
Farquhar, Danny,543144,2016,35.1,29.1,9.5,0.23,0.395,0.314,0.324,0.165,87.9,9.6,40.9,8.6,48.6,32.1,54.8,92.6,2386,21.4,13.1,75.8,2668,16.2,32.1,87.3,1663,16.1,FALSE
Goeddel, Erik,592340,2016,35.2,22.9,8.9,0.263,0.465,0.347,0.336,0.202,90.8,18.5,42.5,10.4,46.2,25.4,52.9,92.4,2189,19.3,14.6,76.8,2229,14.8,32.4,84.3,1160,11.2,FALSE
Dominguez, Jose,523848,2016,35.2,12.9,11,0.271,0.446,0.358,0.37,0.176,87.7,9.5,27.2,7,26.7,17.9,73.3,96.5,2089,18.3,18.3,89.9,2303,11,8.4,86.5,1583,13.6,FALSE
Edwards Jr., Carl,605218,2016,36,37.7,10.1,0.187,0.312,0.256,0.268,0.125,85.9,10,37.5,6.9,55.9,39.2,73.8,95.8,2659,17.9,26,81.3,2497,13,0.2,92.3,1850,21.5,FALSE
Boshers, Buddy,542953,2016,36,24.3,4.6,0.24,0.394,0.288,0.279,0.154,88.6,8.8,29.9,5.6,45.7,25.9,49.1,92.3,1968,20.2,41.4,81.5,2434,4.4,9.5,87.5,1448,16.6,FALSE
Rondon, Bruce,541652,2016,36.1,31.3,8.3,0.186,0.332,0.266,0.272,0.146,89.2,19.3,34.5,7.1,55.4,34.3,60,97.9,2216,21.3,36.8,86.9,2193,5.2,3.2,90.1,1870,20.2,FALSE
Osich, Josh,592612,2016,36.1,15.7,11.9,0.224,0.366,0.306,0.328,0.142,87.6,0.8,18.6,5.3,52.2,25.3,89.4,95.1,2340,16.1,,,,,10.6,85.6,1843,18,FALSE
Tolleson, Shawn,474521,2016,36.1,17.3,6,0.277,0.447,0.327,0.32,0.169,89.6,6.5,27.9,6.2,42.7,21,67.2,93.2,2072,20.1,22,84.6,2558,5.3,10.8,82.7,1285,14.1,FALSE
Weber, Ryan,543901,2016,36.1,14.6,3.2,0.308,0.507,0.358,0.339,0.199,89.4,6.7,36.2,7.1,28.6,13.6,61.8,90.8,1982,17.7,24.1,76.5,2377,17.6,14.1,82.2,1841,18.7,FALSE
Weaver, Luke,596133,2016,36.1,26.9,7.2,0.296,0.469,0.358,0.354,0.173,89.6,14.7,50,5.6,31.6,22,68,92,2221,19.9,7.8,80.1,2114,8.1,24.2,83.9,1574,17.5,FALSE
Cecil, Brett,446399,2016,36.2,28.7,5.1,0.251,0.402,0.308,0.302,0.151,90.2,10.5,36.3,4.9,49.4,28.1,47.7,92.3,2155,19.2,45.6,84.4,2384,5.1,6.7,84.9,1461,17.8,FALSE
Stephenson, Robert,596112,2016,37,18.2,11.2,0.263,0.461,0.357,0.363,0.198,89.8,17.9,34.5,7.8,36.6,20.6,63.5,93.9,2322,20.2,15.2,81.4,2278,6.8,21.3,85.7,1384,13.1,FALSE
Hochevar, Luke,460024,2016,37.1,26.5,6,0.24,0.466,0.331,0.304,0.226,89.9,19.7,33.3,11.1,55.3,29.5,78.4,91.7,2433,15.1,21.6,79.9,2360,14.1,,,,,FALSE
Withrow, Chris,519437,2016,37.2,17.7,10.8,0.217,0.356,0.295,0.312,0.139,85,12,33.3,4.5,27.1,24.5,93.7,91.4,2217,15.4,6.3,78.5,2353,8.6,,,,,FALSE
Achter, A.J.,592091,2016,37.2,8.8,7.5,0.287,0.517,0.364,0.343,0.23,86.7,12.8,34.6,10.5,29.1,19.7,49.8,91.5,2288,21.8,8.2,81.3,2115,13.1,42,83.5,1489,14.9,FALSE
Cole, A.J.,595918,2016,38.1,23.2,8.3,0.181,0.353,0.263,0.257,0.172,88.8,23.9,28.3,9.7,37.6,23.2,57.2,91.5,2080,21.6,35.6,80.8,2196,6.6,7.2,84,1512,18.4,FALSE
Cabrera, Mauricio,606291,2016,38.1,19.8,11.7,0.22,0.312,0.283,0.316,0.092,90.5,10,30,0.9,53.9,27.1,71.4,100.7,2298,20.1,17.5,84.7,2190,4.2,11.1,91.6,1863,20.6,FALSE
Lincecum, Tim,453311,2016,38.1,16,11.5,0.308,0.519,0.391,0.393,0.211,90.9,12.6,40.6,8.4,47.7,26,42.9,88.3,2100,21.1,14.4,76.9,2210,8.4,42.7,81.8,1390,11.2,FALSE
Vizcaino, Arodys,527055,2016,38.2,27.5,14.3,0.193,0.286,0.269,0.31,0.093,89.2,7.7,22.9,2.9,49.6,31.6,61.7,98,2392,22.6,37.1,85.5,2447,4.8,1.3,89,1767,18.5,FALSE
Martinez, Nick,607259,2016,38.2,8.9,10.6,0.276,0.457,0.36,0.373,0.181,88.2,8.6,29.5,7.2,24,15.5,66.5,92,2239,20.2,29.4,83.9,2433,7.2,4.2,85.5,1885,19.3,FALSE
Surkamp, Eric,474668,2016,38.2,11.2,10.7,0.32,0.526,0.398,0.407,0.205,89.2,17.6,39.6,8.1,24.6,16.3,73.3,88.9,2256,17,19,77.8,2172,10.9,7.8,81.5,1740,16.5,FALSE
Doolittle, Sean,448281,2016,39,29,5.2,0.202,0.405,0.272,0.245,0.203,90.3,23.5,33.3,6.9,36.8,29.6,89.3,95.4,2263,23.7,6.3,81.9,2259,5.8,4.4,85.1,1330,17.7,FALSE
Garton, Ryan,623439,2016,39.1,19.3,6.4,0.265,0.429,0.317,0.313,0.164,88.6,12.3,32.3,6.3,42.9,21.1,76.9,91.7,2098,17.8,20.3,80.5,1839,14.2,2.8,85.6,1783,18.8,FALSE
Sampson, Keyvius,572102,2016,39.1,22.3,14.4,0.234,0.432,0.341,0.353,0.198,88.3,12.8,36.8,8.5,43.8,26.9,58.1,93.7,2200,18.8,30.8,83.1,2225,11.3,11.1,85.5,1734,16.5,FALSE
Fien, Casey,502272,2016,39.1,20.7,5.9,0.281,0.552,0.364,0.324,0.271,88.9,16.5,44.4,12.9,41.5,25.5,54,93.8,2505,20.8,46,87.6,2527,10.3,,,,,FALSE
Wright, Daniel,642229,2016,39.2,11.7,4.5,0.314,0.527,0.382,0.363,0.213,89,13.2,40.7,7.6,21.4,16.8,51.1,89.9,2329,20.2,29.6,78.4,2424,12.3,19.4,83.4,1927,19.3,FALSE
Ramos, Edubray,591693,2016,40,25,6.9,0.236,0.357,0.28,0.289,0.121,88.3,13.2,40.4,4.6,57.1,24.7,54,95.9,2487,19.8,44.7,82.3,2449,6.3,1.3,86,1823,21.2,FALSE
McCarthy, Brandon,435221,2016,40,25.7,15.2,0.211,0.309,0.295,0.338,0.099,87.8,14.5,32.3,2,29.4,18.4,70.8,92.5,2247,18.6,29.2,80.6,2417,8.5,,,,,FALSE
Perez, Oliver,424144,2016,40,25.3,11,0.216,0.339,0.298,0.332,0.124,87.2,13.9,30.3,5.5,54.3,23.3,57.3,92.3,2156,20.4,42.7,79.5,2133,13.8,,,,,FALSE
Kelly, Joe,523260,2016,40,25.5,12.8,0.262,0.44,0.351,0.363,0.178,91.2,9.9,34.2,8.8,46.2,26.8,65.2,97,2161,20.1,28.4,85.9,2720,9.5,6.4,85.9,2000,20,FALSE
Smith, Will,519293,2016,40.1,28.7,10.8,0.203,0.302,0.267,0.293,0.099,85.8,18.1,37,4,50,29.4,49.9,92.5,2276,21.6,50.1,80,2258,10.6,,,,,FALSE
Bedrosian, Cam,592135,2016,40.1,31.5,8.6,0.206,0.308,0.267,0.287,0.102,91,7.1,33.7,5.3,50,27,67.7,95.9,2335,23.2,32.3,83.9,2749,9.3,,,,,FALSE
Rosenthal, Trevor,572096,2016,40.1,28.4,14.7,0.254,0.37,0.337,0.376,0.116,89.3,7.3,33.9,3.7,41.5,26.7,78,97.8,2419,21.9,8.3,85,1990,4.4,13.7,87.6,1669,20.1,FALSE
Rodriguez Jr., Fernando,451775,2016,40.2,22.7,10.4,0.222,0.345,0.293,0.31,0.124,89,20.1,33.3,4.6,38.3,29.1,92.4,92.5,2335,18.2,6.8,78.6,2448,11.4,0.8,88.6,1709,13.7,FALSE
Hatcher, Chris,501822,2016,40.2,23.8,11.6,0.247,0.428,0.328,0.339,0.181,88.9,13.3,33.6,7.8,37.3,23.6,64.6,96.1,2390,21.4,20.4,86.1,2269,7.4,15,87.4,1578,15.3,FALSE
Germen, Gonzalez,542674,2016,40.2,17.6,13.7,0.28,0.466,0.364,0.382,0.186,88.3,12.5,36.3,6.5,42,25.8,60.4,94.2,2064,18.4,7,87.3,1981,7.3,32.6,86.3,1783,15.7,FALSE
Solis, Sammy,519301,2016,41,27.3,12.2,0.211,0.274,0.267,0.313,0.064,89,13,28.2,1,50,26.8,64.7,94.2,2322,21.9,27.3,80.9,2444,5.9,7.9,86.1,1606,15.5,FALSE
Cedeno, Xavier,458584,2016,41.1,24.7,7.5,0.225,0.308,0.262,0.284,0.083,88.3,10,33.3,0.9,40.4,28,73.9,88.7,2507,11.5,24.9,80.3,2788,9,1.2,87.5,2500,10.9,FALSE
Yates, Kirby,489446,2016,41.1,27.2,10.3,0.215,0.311,0.284,0.315,0.096,88.2,13.8,30.6,3.6,33,27.3,59.9,93.8,2366,23,36.7,84.1,2263,7.4,3.4,84.6,1957,19.9,FALSE
Collmenter, Josh,518567,2016,41.1,19.1,9.2,0.254,0.408,0.325,0.337,0.154,87.6,14.8,34.7,5.8,23.3,18.6,65.2,84.8,1982,19.7,8.5,70.1,2046,9,26.4,76.3,1711,19.6,FALSE
Blazek, Michael,518468,2016,41.1,17.9,13.4,0.259,0.445,0.346,0.363,0.186,88,12.7,36,8.8,44.6,23.8,50.6,93.7,2391,22.1,49.3,81.1,2399,8.6,0.1,86.7,2507,12.4,FALSE
Burgos, Enrique,542609,2016,41.1,24.2,12.9,0.268,0.44,0.348,0.37,0.171,88.2,14.3,36,6.3,52.3,29,61.1,96.4,2474,22.2,36.3,89.1,2483,9.7,2.7,86.6,936,7.7,FALSE
Blevins, Jerry,460283,2016,42,29.2,8.4,0.212,0.315,0.259,0.282,0.103,85.5,13.5,34.5,2.7,37.2,26.5,51,89.8,2222,20.9,41.9,75.6,2372,17.5,7.1,83.8,1825,19.3,FALSE
Dunn, Mike,445197,2016,42.1,21.6,6.3,0.234,0.342,0.289,0.3,0.109,86.6,21.5,35.5,4.8,40,24.6,62.9,94.3,2306,21.4,37.1,87.3,2441,8.6,,,,,FALSE
Liberatore, Adam,571893,2016,42.2,26.7,9.7,0.195,0.3,0.251,0.28,0.105,88.3,14.7,33.6,3.6,43.2,23.5,67.1,92.3,2210,21.4,13.6,85.3,1793,7.9,19.3,86,1620,12.2,FALSE
May, Trevor,543507,2016,42.2,32.1,9.1,0.221,0.409,0.307,0.3,0.188,89.3,16.6,40.7,8.3,49.1,28.8,62.4,94.5,2306,20.4,28.1,80.8,2418,13.7,9.6,86.1,1869,19.7,FALSE
Miller, Justin,502522,2016,42.2,23.2,10.3,0.246,0.431,0.334,0.333,0.185,90.5,15.6,37.3,6.3,38.8,25.3,66.3,93.8,2307,19.9,33.6,85.9,2428,7.5,0.1,88.2,1807,18.8,FALSE
Diaz, Jumbo,471822,2016,43,20.3,10.4,0.219,0.351,0.29,0.305,0.132,88,13.5,28.8,5.6,40.4,24.3,69.2,96.6,2231,16.9,25.3,86.3,2251,7.8,5.5,89.8,1628,15.3,FALSE
Davis, Wade,451584,2016,43.1,26.7,9.1,0.198,0.264,0.253,0.285,0.066,86.6,12.2,29.1,1.8,40.8,28,81.3,94.3,2440,17.7,18.7,84.3,2491,10.5,,,,,FALSE
Cervenka, Hunter,543017,2016,43.1,23.1,15.4,0.201,0.325,0.287,0.329,0.125,86.2,12,24.3,6.3,45.3,24.2,42,93.3,2405,17.8,58,87.6,2518,8.7,,,,,FALSE
Manship, Jeff,453249,2016,43.1,19,11.6,0.248,0.426,0.329,0.335,0.179,87.8,9.9,26.7,6.9,47.8,28.6,50.8,91.5,2097,21.3,48.8,83.6,2308,5.3,0.4,86.6,1878,20.4,FALSE
Bailey, Andrew,457732,2016,43.2,21.6,8.9,0.253,0.44,0.335,0.328,0.188,88.9,15.2,34.6,10.8,34.9,21.6,84.2,90.8,2662,15.7,15.8,78.2,2711,13,,,,,FALSE
Sipp, Tony,448609,2016,43.2,20.5,9.2,0.268,0.487,0.353,0.338,0.219,88,17.5,36,10.3,49.2,30.1,48.2,91.4,2127,22.2,34.4,80.8,1740,5.5,17.4,77.9,839,16.3,FALSE
Lopez, Reynaldo,625643,2016,44,20.9,10.9,0.195,0.298,0.259,0.285,0.103,88.3,14.4,26.5,2.9,32.1,22.3,64.5,96.5,2129,21.1,25.3,78.5,2339,5.8,10.3,86.4,1518,18.4,FALSE
Gsellman, Robert,607229,2016,44.2,22.7,8.1,0.234,0.342,0.279,0.3,0.107,89.6,4.7,31.5,2.4,40,22.1,63.6,94.3,2196,20.8,31.6,86.2,2466,7.8,4.8,87.3,1589,18.3,FALSE
Moylan, Peter,493247,2016,44.2,17.8,8.4,0.24,0.359,0.295,0.308,0.12,87.9,2.2,25.2,4.3,36.6,21.4,60.2,90.5,2054,18.7,38.5,78.9,2312,5.2,1.3,84.3,1691,15.9,FALSE
Layne, Tommy,518927,2016,44.2,20.3,11.2,0.232,0.371,0.308,0.331,0.14,86,8,31.2,5.6,41.7,22.3,49.9,90.1,2072,19.6,48,83.4,2373,10.7,2.2,82.7,1359,14.9,FALSE
Romero, Enny,544836,2016,45.2,24.5,13.7,0.229,0.37,0.316,0.335,0.141,90.5,16.3,38.1,7.1,51.9,30.4,84,94.7,2365,19.6,15.9,85,2409,5.6,0.1,94.4,1915,26.3,FALSE
Green, Chad,643338,2016,45.2,26.3,7.6,0.258,0.486,0.349,0.321,0.228,89.2,10.5,40.8,10,42.6,27.3,67.9,94,2399,19.9,29.3,84.7,2107,3.7,2.8,86.6,1742,15.6,FALSE
McGee, Jake,459429,2016,45.2,18.5,7.8,0.285,0.506,0.366,0.352,0.22,89.9,14.3,37.2,8.8,39.2,21.2,64.8,94.4,2285,21.7,35.2,85.4,2163,14.5,,,,,FALSE
Reyes, Alex,621052,2016,46,27.5,12.2,0.163,0.231,0.23,0.265,0.068,84.8,13.9,27.2,1.8,35.1,26.9,60.8,97.4,2293,21.2,12.2,80.1,2505,14.1,26.9,89,1704,17.6,FALSE
Belisle, Matt,279571,2016,46,17.2,3.8,0.262,0.371,0.284,0.294,0.109,87.8,10.5,33.6,2.7,31.4,18,57,91.5,2073,19.9,42.1,84,2161,9.3,0.9,88.1,1728,12.7,FALSE
Logan, Boone,457429,2016,46.1,30.5,10.7,0.197,0.339,0.27,0.293,0.141,87.2,7.8,34.3,5.6,59.4,37.4,46.6,93.7,2285,19.8,52.6,83.9,2461,5.2,0.8,87,1012,14,FALSE
Hahn, Jesse,534910,2016,46.1,11.3,9.4,0.293,0.476,0.361,0.361,0.184,87.6,8,34.8,7.5,19.6,14.1,71.9,94.5,2252,21,20.4,75.9,3014,19.1,7.7,86.2,1611,16.9,FALSE
Wilhelmsen, Tom,452666,2016,46.1,13.4,9.1,0.277,0.493,0.363,0.35,0.216,89.4,9.8,29.4,8.1,43.4,20.5,50.2,95.5,2283,17,43.2,82.5,2306,9.2,6.6,88.2,1731,17.9,FALSE
Abad, Fernando,472551,2016,46.2,20.7,11.1,0.24,0.376,0.307,0.327,0.136,89.1,12.1,33.6,5.2,25.6,21.1,56,91.7,2223,18.8,27.3,76.9,2541,11.4,16.7,73.9,1984,20.6,FALSE
Uehara, Koji,493157,2016,47,34.2,6,0.177,0.333,0.247,0.236,0.155,86.1,26.3,34.3,6.5,46.8,30.3,49.9,87.3,2409,24.5,4.4,82.6,2258,13.7,45.6,79.1,1746,17.2,FALSE
Neshek, Pat,450212,2016,47,23.2,5.9,0.208,0.358,0.249,0.255,0.149,85.6,18.3,35.9,6.9,36.1,23.1,38.9,89.7,2159,20,54.1,83.4,2212,6.3,7,67.9,1392,14.2,FALSE
Harrell, Lucas,449173,2016,47,17.3,12,0.258,0.365,0.329,0.364,0.107,89.4,9.9,37.1,3.5,31.1,19.9,57.9,92.2,2171,20.3,33.9,84.9,2206,10.9,8.3,84.6,1766,17.7,FALSE
Strop, Pedro,467008,2016,47.1,32.1,8,0.197,0.308,0.259,0.277,0.11,88.8,4.2,25,5.6,58.3,36.1,42.3,95.6,2316,21.2,49.9,83.8,2321,3.8,7.8,88.6,1197,10.7,FALSE
Coulombe, Danny,543056,2016,47.2,28,8.8,0.208,0.341,0.268,0.278,0.132,88.4,-0.2,32,4.9,57,32,32.9,90.6,2282,15,29.6,80.7,2643,16,37.5,84.4,2334,3.5,FALSE
Rzepczynski, Marc,519240,2016,47.2,21.4,13.5,0.21,0.283,0.27,0.331,0.073,87.2,-0.8,20.6,1.5,45.9,28.4,59.2,91.8,2060,19.5,25.5,83.7,2378,5.2,15.3,86.2,1645,16.3,FALSE
Ramos, Cesar,459987,2016,47.2,12.7,9.4,0.27,0.484,0.358,0.344,0.214,88.1,11.9,37.8,7.9,32.1,18.1,37.1,89.1,2159,21.9,36.8,77.1,2318,13,26.2,83.4,1954,21.8,FALSE
Reed, Cody,642003,2016,47.2,18.7,8.3,0.27,0.495,0.359,0.346,0.225,90,5,30.1,9.2,37.7,21.6,51.4,93.6,2190,19.6,36.1,88.4,2371,7.2,12.6,86.5,1744,17.8,FALSE
Benoit, Joaquin,276542,2016,48,25.5,11.8,0.216,0.337,0.292,0.313,0.122,88.2,15.5,33.9,4.7,40,30,54.6,94.8,2252,22.6,19.4,87.2,2422,8.6,26.1,84.5,1374,16.8,FALSE
Coleman, Louis,488786,2016,48,21.3,11.4,0.244,0.409,0.325,0.34,0.165,87.6,16.4,36,7.2,48.5,29.2,41.3,89.5,2345,18.4,58.7,82.2,2185,4.7,,,,,FALSE
Lyons, Tyler,544928,2016,48,24.6,7.5,0.254,0.464,0.334,0.311,0.21,88.5,14.2,37.8,8.7,41.9,23.6,45.8,91.2,2109,19.4,38.1,81,2402,16.8,16.1,85.1,1556,14,FALSE
Gearrin, Cory,518715,2016,48.1,22.8,7.1,0.223,0.359,0.28,0.286,0.136,88.8,5.6,29.2,5.8,42.3,25.7,55.3,92.1,2267,19.3,40.3,84.3,2587,8.6,4.4,84.5,1973,15.9,FALSE
Detwiler, Ross,446321,2016,48.2,11.8,8.6,0.296,0.47,0.358,0.359,0.173,89.8,12.2,33.9,6.3,29.4,14.8,67.1,92.4,2155,22.6,19.4,78.3,2100,8.7,13.6,85.8,1662,18.5,FALSE
Lowe, Mark,450275,2016,49.1,21.9,9.4,0.252,0.474,0.335,0.322,0.222,91.2,16.7,37.3,9.8,33.6,23.3,58.1,92.9,2464,22.9,41.6,85.2,2096,7.9,0.2,86.5,2067,22,FALSE
Tazawa, Junichi,547749,2016,49.2,26,6.7,0.245,0.438,0.315,0.299,0.193,90.3,16.9,36.7,7.9,42.9,28.1,66.5,93.4,2203,19.7,33.5,78.2,2703,16.2,,,,,FALSE
Skaggs, Tyler,572140,2016,49.2,22.8,10.5,0.253,0.451,0.343,0.338,0.198,90,9.1,35.4,9.7,35.6,19.5,59.5,93.4,2286,21.6,26.6,76.6,2905,18.7,13.9,86.6,1784,12.8,FALSE
Jepsen, Kevin,448178,2016,49.2,15.6,9.4,0.272,0.49,0.353,0.339,0.218,92.1,18.8,32.1,6.5,38.1,20.9,65.6,94.2,2398,20.7,27.4,82.9,2418,11.6,7,84.7,1924,19.5,FALSE
Lorenzen, Michael,547179,2016,50,23.8,6.4,0.239,0.326,0.287,0.311,0.086,86.4,2.1,30.4,3.7,42.6,22.7,53.9,96.5,2250,18.5,44.9,90,2426,8.7,1.2,88.7,1851,16.2,FALSE
Gant, John,607231,2016,50,22.1,9.5,0.275,0.447,0.342,0.35,0.172,88.9,12.8,36,7.3,38.8,22.7,58.3,92.4,2371,23.5,18.6,75.7,2577,16.2,23,81,1551,16.5,FALSE
De La Rosa, Rubby,523989,2016,50.2,24.3,9,0.214,0.361,0.289,0.298,0.147,88.6,6.8,33.3,4.9,47.2,25.4,63.2,95.2,2285,20,28.8,84.7,2103,7.4,8,87.7,2079,19.6,FALSE
Howell, J.P.,434442,2016,50.2,20,6.8,0.251,0.357,0.294,0.313,0.106,86.7,4.1,32.3,3.8,45.5,23.3,49.9,85.9,1961,16.7,46.9,78.9,2350,10.4,3.2,82.3,1832,14.9,FALSE
Rondon, Hector,444468,2016,51,29,4,0.208,0.324,0.252,0.248,0.116,89.7,12.1,28.8,4.5,38.7,24.6,63.6,96.7,2088,19.9,33.8,86.3,2054,4.9,2.7,90.7,1888,19.3,FALSE
Krol, Ian,571871,2016,51,25.8,6,0.214,0.33,0.262,0.274,0.115,88.4,4,26.2,6.2,43,23.7,64.5,94.5,2477,20,33.2,86.6,2347,6.1,2.3,86.5,1751,17.4,FALSE
Hembree, Heath,592390,2016,51,21.1,7.6,0.252,0.438,0.32,0.308,0.186,88.5,15.2,34,6.9,40,21.3,60.7,94.5,2404,20.3,38.6,86.2,2507,11.2,0.7,87.6,1922,15.4,FALSE
Albers, Matt,458006,2016,51.1,12.7,8,0.276,0.505,0.362,0.344,0.229,89.2,9.7,32.6,9.8,27.3,17.2,74.6,92.7,2050,19.9,13,85.8,2284,8.1,12.3,84.3,1664,13,FALSE
Diaz, Edwin,621242,2016,51.2,40.6,6.9,0.198,0.295,0.248,0.264,0.098,87.9,13.1,32.4,5.4,58,38.9,67.3,97.9,2301,21.5,32.4,87.3,2234,4.6,0.4,91,2035,20,FALSE
Claudio, Alex,592222,2016,51.2,15.7,4.6,0.243,0.337,0.275,0.283,0.094,87.4,2.4,26.2,1.7,36.3,23.4,55.5,86,1969,18.6,17.6,75.3,2172,6.9,26.9,67.8,2053,19.8,FALSE
Wittgren, Nick,621295,2016,51.2,19.7,4.7,0.247,0.404,0.296,0.287,0.156,90,13.3,36.3,6.3,14,15.8,75.7,92.8,2075,20.6,11.4,81.7,2250,4.9,12.9,85.9,1746,15.8,FALSE
Storen, Drew,519322,2016,51.2,21.1,5.7,0.253,0.419,0.32,0.318,0.167,88.8,9.8,30,6.9,42.7,23.5,44.9,92.5,2126,20,36.9,81.9,2329,11.7,18.2,85.3,1961,16.7,FALSE
Schugel, A.J.,519263,2016,52,22.5,6.4,0.268,0.434,0.325,0.318,0.166,90,11.8,34.7,6.3,35,21.2,61,92.9,2128,20.9,4.9,78.8,2474,13,34.1,83.1,1941,17.7,FALSE
Smith, Joe,501925,2016,52,18.4,8.3,0.269,0.436,0.344,0.353,0.167,91.5,8.3,33.3,6.5,34.7,20,62.1,88.9,1977,19,32.9,80.5,2277,13.9,5,79.1,1781,17.6,FALSE
Jenkins, Tyrell,592433,2016,52,11,13.9,0.253,0.433,0.347,0.361,0.179,90.5,8.3,32.2,6.2,33.7,14.9,63.9,91.8,1873,19.1,20,80.7,2113,5.2,16.1,82.8,2071,21.2,FALSE
McAllister, Zach,502083,2016,52.1,23.2,9.9,0.235,0.395,0.31,0.318,0.16,89.4,17.9,29.9,7.1,35.8,24.2,84.4,94.5,2202,20.6,14.7,81.3,2278,7.5,0.9,88.4,1569,20.5,FALSE
Grimm, Justin,518748,2016,52.2,28.9,10.2,0.232,0.395,0.308,0.314,0.163,89.2,11.9,36,8.1,54.7,32.4,48.2,94.8,2189,21.6,51.8,83.1,2221,13.3,,,,,FALSE
Kimbrel, Craig,518886,2016,53,37.7,13.6,0.164,0.303,0.273,0.294,0.139,89.9,20.9,35.9,5.8,55.1,34.9,69,98,2455,20.4,31,87.2,2554,12.3,,,,,FALSE
Diekman, Jake,518617,2016,53,26.7,11.8,0.205,0.314,0.284,0.311,0.109,87.6,11.2,30.1,5.3,43.1,27.8,73.6,95.8,2046,22.5,25.1,85.5,2379,5.5,1.3,87.6,2010,17.4,FALSE
Clevinger, Mike,605182,2016,53,21.5,12.4,0.241,0.412,0.327,0.335,0.171,87.5,16,37.7,7.8,32.9,22.9,59,94,2164,20.5,24.2,81.9,2291,15.3,16.8,87.4,1507,17.6,FALSE
Kontos, George,502004,2016,53.1,16.2,9.3,0.237,0.348,0.29,0.314,0.111,86.4,11.1,30.2,2.5,36.2,24.1,77.3,89.7,2286,13,20.2,84.2,2385,8.4,2.5,85.7,2282,19.8,FALSE
Guerra, Deolis,500610,2016,53.1,16.4,3.2,0.27,0.419,0.311,0.3,0.149,87.4,13.4,36.6,4,39.2,21.8,47.2,90.8,2231,23.4,7.5,78.6,2022,12.8,45.3,81.1,1634,18.2,FALSE
Wang, Chien-Ming,425426,2016,53.1,13,7.8,0.306,0.484,0.367,0.366,0.178,90.7,8.4,36.5,7.2,26.4,12.7,84.2,92.1,1871,21.4,11.3,84.2,2016,9.5,4.6,80.7,1696,20.2,FALSE
Perez, Williams,554234,2016,53.2,11.6,6.4,0.259,0.429,0.318,0.314,0.169,90,5,23.8,5.8,24.8,14.3,74.5,91.8,2013,20.9,15.6,77.3,2372,9,9.9,79.5,1385,14.4,FALSE
Feliz, Neftali,491703,2016,53.2,28,9.6,0.24,0.45,0.329,0.317,0.21,89.2,16.6,32.6,10.4,44.5,30.4,73.2,96.4,2415,21.6,24.9,84.8,2325,6.6,1.9,88,1820,17.6,FALSE
Thompson, Jake,622097,2016,53.2,13.5,11.8,0.272,0.449,0.355,0.369,0.177,89.6,13.7,31.2,6.9,33.9,17.5,60.2,91.6,2096,16.9,23.6,83.1,2471,11.8,16.2,84.1,1292,16.1,FALSE
Kintzler, Brandon,445213,2016,54.1,15.6,3.6,0.269,0.391,0.3,0.301,0.122,88.6,1.4,24,3.9,27.2,16.6,87.9,93.3,1899,17.5,6.8,86,2092,6.1,5.3,87.8,1968,16.4,FALSE
Law, Derek,571882,2016,55,23.4,4.2,0.246,0.383,0.286,0.278,0.137,88.3,8.4,32.3,5.2,50.5,24.6,52.5,93.5,2102,16.8,42.6,81.1,2082,6.6,4.9,83.5,1900,18.8,FALSE
Estevez, Carlos,608032,2016,55,24,11.4,0.208,0.337,0.294,0.319,0.128,88.4,15.3,26.6,7.1,39.3,25.6,71.3,97.9,2339,18.7,19.9,86.4,2462,7.3,8.8,89.6,1751,15.7,FALSE
Flynn, Brian,543169,2016,55.1,19.9,10.4,0.229,0.357,0.298,0.314,0.128,89,7.5,23.5,5.9,41,25.3,67.5,93.1,2343,20,28.8,85.4,2311,8.9,3.7,84.4,1676,19.4,FALSE
Ross Jr., Robbie,543726,2016,55.1,23.5,9.7,0.253,0.365,0.323,0.351,0.112,87.1,8.2,31.8,6,38.7,25.1,56.6,93.9,2063,16.7,43.3,83.9,2381,6.4,0.1,88.7,2379,3.4,FALSE
Morin, Mike,573046,2016,55.2,21.6,6.6,0.233,0.379,0.289,0.286,0.147,86.6,16.9,29,5.6,40.3,25.8,40,91.9,2174,22.3,25.1,81.8,2119,7,34.8,72.3,1300,16.8,FALSE
Ryan, Kyle,594986,2016,55.2,15.5,6.6,0.252,0.4,0.303,0.312,0.148,88.6,6.3,24.3,4,33.3,19.8,85.4,88.5,2084,14.3,7.3,78.8,2515,10.2,7.3,83.3,1703,16.4,FALSE
Triggs, Andrew,592811,2016,56.1,23.1,5.5,0.25,0.387,0.298,0.3,0.137,89.7,7.4,30.5,4.2,39.2,24.8,55.5,91.1,2330,17.4,42.4,80.8,2491,10.5,2.1,83.8,1892,17.3,FALSE
Colome, Alex,517008,2016,56.2,31.4,6.6,0.2,0.307,0.249,0.26,0.107,90,7.8,30.4,4.3,54.5,32.2,98,92.5,2127,16.6,0.4,83,2197,9.8,1.6,89.7,1955,12.4,FALSE
Cosart, Jarred,543054,2016,57,14.2,14.6,0.271,0.418,0.354,0.383,0.147,88.4,-2.9,26.5,5.3,33.1,18.1,70.5,92.9,2168,13.2,23.8,78,2543,13.7,5.6,81.7,1424,13.2,FALSE
Alvarez, Jose,501625,2016,57.1,19.9,5.9,0.25,0.356,0.282,0.297,0.106,86.4,9.6,38.1,3.2,31.4,22.1,46,91.2,2289,21.8,34.4,84.4,2297,10.1,19.6,80.5,1823,18.5,FALSE
Gregerson, Luke,502381,2016,57.2,29.1,7.8,0.183,0.302,0.246,0.256,0.119,87.8,3.2,19.6,4.9,64,42.3,53.4,89.8,2393,11.6,45.5,81.7,2485,9,1.1,79.8,1943,9.4,FALSE
Kelley, Shawn,518875,2016,58,35.7,4.9,0.161,0.298,0.215,0.203,0.137,89.9,20.6,27.1,6.8,53.3,31.4,56.2,93,2252,20.2,43.7,83.6,2231,7.6,0.1,87.3,2204,11.1,FALSE
Chapman, Aroldis,547973,2016,58,40.5,8.1,0.17,0.239,0.217,0.237,0.068,87.7,9.8,33.3,1.8,46,36.8,81.1,101.1,2547,22.2,15.7,88.8,2233,13.7,3.2,89.6,2090,19.3,FALSE
Casilla, Santiago,433586,2016,58,27,7.9,0.207,0.338,0.274,0.286,0.131,87.3,13.7,27,5.9,41.1,25.7,54.5,94.2,2344,20.2,43.1,84.4,2428,12.3,2.4,87.3,2086,19.9,FALSE
Jeffress, Jeremy,502026,2016,58,17.4,7.5,0.245,0.322,0.281,0.314,0.077,85.1,-0.8,31.6,1.1,35.4,22.4,73.7,95.9,2123,20.2,20.5,81.1,2295,10.3,5.8,90.8,1673,15.1,FALSE
Miranda, Ariel,664641,2016,58,19,7.8,0.253,0.46,0.329,0.309,0.208,89.6,21.2,34.7,8.2,29.3,18.6,58.1,93.1,2393,21,14.5,81.2,1187,9.2,27.3,83.8,1966,19.2,FALSE
Rodriguez, Francisco,408061,2016,58.1,22.1,8.9,0.231,0.384,0.304,0.306,0.153,90.1,7.2,23,6.8,41.4,27.6,47.2,89.8,2076,22,11.2,76.5,2753,12.9,41.5,84,1736,16.3,FALSE
Berrios, Jose,621244,2016,58.1,17.4,12.5,0.25,0.456,0.354,0.357,0.207,90.3,16,34.9,8.3,31.2,20.1,64,93.9,2166,19.2,21.6,81.5,2376,14.4,14.4,85.2,1555,15.3,FALSE
Wilson, Justin,458677,2016,58.2,25.9,6.8,0.207,0.319,0.255,0.264,0.112,87.7,9,23.2,4.8,38.7,27,96.4,94.1,2401,19,3.6,81.1,2527,7.1,,,,,FALSE
Nuno, Vidal,573064,2016,58.2,20.6,4.5,0.26,0.43,0.311,0.298,0.171,87.9,16.7,40.4,6.6,28.9,18.6,32.4,89.9,2258,19.6,48.8,83.6,2530,9.5,18.9,83.7,1632,15.6,FALSE
Lyles, Jordan,543475,2016,58.2,11.7,10.3,0.263,0.36,0.315,0.35,0.098,87.2,7,32.2,1.4,28.8,17.6,59.4,93.5,2048,15.9,32.3,86.2,2227,8.5,8.2,84.1,1730,15.7,FALSE
Simon, Alfredo,430580,2016,58.2,13.1,10.4,0.299,0.522,0.389,0.389,0.223,88.9,8.8,36.8,9.5,30.3,18.1,67.4,92,2128,17,11.3,77.2,2386,10.5,21.3,85.3,1693,16.4,FALSE
Grilli, Jason,276351,2016,59,32.3,12.7,0.207,0.37,0.302,0.313,0.163,90,17.9,37.5,7.4,49.4,31.8,61.9,92.9,2357,23.8,35.7,81.1,2605,10.3,2.4,84.9,2134,23,FALSE
Hughes, Phil,461833,2016,59,13.1,5,0.319,0.544,0.382,0.352,0.225,91.7,16.9,37.7,8,24.5,14.1,73.5,90.1,2155,17.4,22.7,77.6,2387,13.7,3.7,85.8,1574,15,FALSE
Hughes, Jared,453172,2016,59.1,13.2,8.6,0.239,0.353,0.294,0.318,0.114,88,4.9,24.5,5.1,27.4,20.3,81.7,93.6,2114,18.6,11.9,86.2,2053,6.4,6.4,88.2,2147,16.6,FALSE
Barrett, Jake,545332,2016,59.1,22.4,11.2,0.233,0.413,0.319,0.327,0.18,90.7,12,31.3,8,48.4,28.5,62.8,95.6,2185,20.1,34.1,87.4,1980,7.3,3.1,86.2,1110,12.5,FALSE
Smith, Josh A.,595001,2016,59.2,18.5,10,0.22,0.376,0.296,0.301,0.155,86.1,13.6,33,7.6,42.1,24.1,41,91.1,2309,17.2,57.3,82.7,2624,9.7,1.6,82.2,1826,16.3,FALSE
Quackenbush, Kevin,534812,2016,59.2,16.6,8.7,0.27,0.441,0.333,0.335,0.171,88.5,14.3,37.6,4.8,29.2,18.5,63.2,91.1,2163,20.4,36.2,79.4,1933,11.7,0.6,84.3,1706,15.3,FALSE
Vincent, Nick,543883,2016,60.1,26.3,6.1,0.219,0.366,0.268,0.269,0.148,87,20.7,31.9,6,36.8,28.6,48.1,90.3,2375,19.2,46.8,87.1,2511,9.5,5.1,84.1,1796,19.7,FALSE
Greene, Shane,572888,2016,60.1,23,8.6,0.22,0.327,0.279,0.299,0.108,85.4,11.8,29.8,4.7,42.7,28.3,52.8,93.7,2423,19,46.4,86.5,2649,10.5,0.7,86.6,1792,16.7,FALSE
Wood, Alex,622072,2016,60.1,25.9,7.8,0.231,0.347,0.29,0.302,0.116,89,8.1,28.5,4.8,47.7,25.2,53.1,91.2,1948,21,29.2,82.7,1926,5.6,17.7,84.5,1788,17.9,FALSE
Hudson, Daniel,543339,2016,60.1,21.6,8.2,0.251,0.401,0.314,0.324,0.15,85.5,14.3,37.5,7.1,33.5,26.3,62.8,96.4,2417,18.8,19.2,86.4,2413,5.4,18,85.9,2503,22.4,FALSE
Barnette, Tony,501817,2016,60.1,19.9,6.5,0.269,0.397,0.317,0.329,0.129,86.7,11.4,36.7,4.5,40.6,24.6,73.1,90.5,2413,16,16.1,79.7,2468,13.3,10.8,88.5,1683,11.8,FALSE
Broxton, Jonathan,455009,2016,60.2,22,9.3,0.234,0.343,0.287,0.316,0.109,85.4,8.6,37.1,5.1,37.2,21.8,65.8,94.4,2097,18.1,34.2,87.9,2117,6.5,,,,,FALSE
Jennings, Dan,543359,2016,60.2,17.8,10.8,0.238,0.304,0.293,0.333,0.067,87.5,4.8,25.8,1.6,40.8,20,61.9,91.4,2250,12.9,38.1,83.7,2454,8.3,,,,,FALSE
Anderson, Cody,594736,2016,60.2,20,4.8,0.264,0.425,0.308,0.301,0.161,89.1,12.5,35.1,5.4,39.6,24.7,66.1,94,2440,23.1,11.3,82,2465,10,22.6,86,2312,21.2,FALSE
Caminero, Arquimedes,491708,2016,60.2,17.9,11.8,0.267,0.417,0.344,0.366,0.15,87.3,12,34.9,5.7,35,23.1,67.3,98.6,2304,17.7,23.1,92.6,2253,9.3,9.7,90.8,1665,15.3,FALSE
Duke, Zach,435043,2016,61,26.4,11.2,0.193,0.257,0.256,0.3,0.064,84.6,7,24.2,2.5,43.3,25.9,59.4,90.2,1971,13.7,36.2,78.4,2379,13.2,4.4,85.9,1547,12.4,FALSE
Strickland, Hunter,519326,2016,61,22.8,7.6,0.222,0.364,0.28,0.286,0.142,89.5,9.9,32.6,5.2,40.6,25.2,73.1,97.4,2404,17.9,24.5,84.8,2567,7.4,2.5,89.6,1673,18.9,FALSE
Wood, Travis,475243,2016,61,18.7,9.5,0.234,0.368,0.296,0.31,0.134,88.8,18.7,30,3.9,26.6,16.8,91,89.7,2164,19.2,6.8,77.6,1819,10.8,2.2,80.6,1792,20.6,FALSE
Rogers, Taylor,573124,2016,61.1,24.2,6.1,0.245,0.375,0.295,0.305,0.13,89.7,7.8,29.6,4.5,40.5,18.4,55.4,93.2,2029,20.4,43,78.3,2798,12.2,1.6,88.4,1597,18.2,FALSE
Bush, Matt,456713,2016,61.2,25.1,5.8,0.217,0.323,0.259,0.264,0.106,86.1,11.3,33.5,4.2,36.4,27.8,68.1,97.7,2555,22.1,31.8,85.5,2484,12.3,0.1,92.4,2068,18.1,FALSE
Siegrist, Kevin,543779,2016,61.2,26.6,10.5,0.204,0.372,0.289,0.291,0.168,85.6,19.9,27.7,7.1,43,26.1,67.6,94,2141,20.9,11.1,74.2,2245,13.3,21.3,85.7,2077,19.3,FALSE
Petit, Yusmeiro,433589,2016,62,18.5,5.7,0.237,0.393,0.289,0.281,0.156,88.6,15.8,27.4,6.5,32.6,19.5,51.3,89.2,2244,20.4,34.9,81.7,2182,15.2,13.8,82.4,1925,19.5,FALSE
LeBlanc, Wade,453281,2016,62,20.2,4.4,0.244,0.453,0.31,0.276,0.209,87.3,16.5,38.9,8.4,30.7,22.1,61.6,86.4,1955,15.1,8.5,75.9,2232,10.4,29.9,78.4,1493,15.7,FALSE
Musgrove, Joe,605397,2016,62,21.5,6.3,0.253,0.422,0.315,0.308,0.169,89.3,11.4,35.7,6,43.5,22.7,48.2,92.1,2322,17.1,43.5,81.7,2481,12.9,8.4,82.9,1907,12.7,FALSE
Robertson, David,502085,2016,62.1,28.1,12,0.193,0.329,0.272,0.292,0.136,87.3,12.8,28.3,6.3,54.9,30.2,67,92.4,2529,15.3,30.5,82.8,2658,13.1,2.5,89.5,2107,20.4,FALSE
Marinez, Jhan,501697,2016,62.1,18.6,7.8,0.253,0.358,0.301,0.328,0.105,88.1,7.9,28.1,1.6,31,20.4,76.1,95.3,1979,18.6,23.9,85.8,2147,4,,,,,FALSE
De La Cruz, Joel,503444,2016,62.2,13.4,8,0.268,0.446,0.336,0.332,0.177,89.2,11.2,36.3,7,32.7,20,51.6,92,2239,18,24.5,86.6,2261,8.3,24,85.1,1633,17.5,FALSE
Clippard, Tyler,461325,2016,63,27.5,9.9,0.18,0.313,0.256,0.265,0.133,86.3,24.2,32.5,4.9,38,27.4,45,91.7,2344,23.1,2.7,75.1,1739,9.2,52.3,80.7,1968,16.6,FALSE
Buchter, Ryan,488748,2016,63,31.6,12.6,0.177,0.293,0.261,0.288,0.117,88.5,28.4,36.8,5.9,30.8,25,89.9,92.7,2285,23.1,10.1,85.5,2186,8.7,,,,,FALSE
Cingrani, Tony,571561,2016,63,18.1,13.7,0.218,0.337,0.303,0.334,0.118,87.8,13.8,26.4,3.8,27.7,21.1,90.3,94.7,2236,19.1,9.5,81.9,2119,4.9,0.2,86.9,1327,12.1,FALSE
Eflin, Zach,621107,2016,63.1,11.4,6.3,0.285,0.49,0.348,0.33,0.205,88.8,15.8,35.9,6.7,25,13.8,62,93,2172,20.7,30.3,83.4,2191,6.9,7.7,87.1,1905,18.4,FALSE
Harris, Will,501789,2016,64,27.1,5.9,0.214,0.312,0.252,0.263,0.098,89.8,5.7,23.5,2.9,47.8,30.2,66.6,92.9,2478,15.6,33.4,82.4,2678,16.9,,,,,FALSE
Cishek, Steve,518553,2016,64,29.5,8.1,0.196,0.336,0.268,0.274,0.14,87.4,14.3,35,5.1,44.3,29,48.8,92,2329,19.3,50.1,79.1,2439,11.9,1,83.7,1903,18.7,FALSE
Ramos, AJ,573109,2016,64,26.3,12.6,0.226,0.328,0.302,0.336,0.102,87,15,36.7,3,54.8,30,43.5,92.3,2431,20.1,39,79.9,2688,10,17.5,85.8,1529,17.3,FALSE
Lugo, Seth,607625,2016,64,17.3,8.1,0.269,0.467,0.352,0.344,0.198,89.3,12.1,31.6,9.5,35.3,21.1,55.8,92.8,2325,20.2,35.4,83.1,2792,13.6,8.8,86.5,1788,19.5,FALSE
Butler, Eddie,572750,2016,64,16,7.2,0.292,0.48,0.357,0.35,0.187,90.9,9.7,32.4,6.8,33.1,18.8,59.4,93.7,2071,19.2,33.7,85.8,2424,6,6.9,88.4,1781,16,FALSE
Hendriks, Liam,521230,2016,64.2,25.8,5.1,0.235,0.354,0.275,0.277,0.119,87.8,14.2,34.4,4.2,40.5,22.9,76.1,94.8,2234,21.8,22,86.3,2051,8.6,1.9,87.9,1924,14.1,FALSE
Madson, Ryan,425492,2016,64.2,18.1,7.4,0.243,0.35,0.287,0.305,0.107,85.7,10.7,29.1,4,36.3,25.1,73,94.5,2142,20.1,,,,,27,83.9,2028,18.1,FALSE
Johnson, Jim,462382,2016,64.2,25.6,7.5,0.241,0.361,0.297,0.307,0.12,89,4.2,29.1,5.7,36.2,19.6,68.4,94,2230,20.2,25,79.6,2257,10.4,6.6,88.5,1683,17.4,FALSE
Feliz, Michael,593140,2016,65,35.2,8.1,0.206,0.37,0.281,0.271,0.164,89.5,11.5,32,7.8,47.3,32.6,63.8,95.6,2250,22.7,31.2,82.9,1996,9.1,5.1,84.9,1861,21.7,FALSE
Rodney, Fernando,407845,2016,65.1,26.1,13.1,0.207,0.302,0.285,0.325,0.095,85.6,4.7,29.3,2.4,41.3,30,57.6,95.1,2026,20.5,,,,,42.4,83.3,1818,19.3,FALSE
Warren, Adam,476589,2016,65.1,18.8,10.5,0.229,0.395,0.303,0.314,0.165,88.6,11.6,30.3,6.7,37.3,23.4,43.8,93.4,2228,20.3,41.7,85.8,2259,10.5,14.5,85.1,1720,18.6,FALSE
Giles, Ken,571704,2016,65.2,35.7,8.7,0.209,0.336,0.273,0.283,0.127,88.5,12.7,36.3,7,63.5,39.8,52.1,97.9,2404,21.1,47.9,86.6,2287,4.3,,,,,FALSE
Cahill, Trevor,502239,2016,65.2,23.2,12.3,0.228,0.358,0.308,0.337,0.13,88.3,4.4,30.3,5.1,43.6,27.6,54.4,92.6,2220,19.8,21.8,80.7,2759,12.5,23.8,84.2,1499,14.3,FALSE
Axford, John,446099,2016,65.2,20.8,10.4,0.243,0.384,0.315,0.33,0.14,89.7,6.3,28.6,6.6,41.7,25.5,75.7,96.3,2219,19.6,24.3,86.6,2262,13,,,,,FALSE
Ohlendorf, Ross,456027,2016,65.2,23.4,11,0.236,0.429,0.335,0.337,0.194,88.3,20.8,33.7,6.5,40.4,25,62.4,94,2201,21,21.1,82.5,1829,4.2,16.6,86.6,2123,20.5,FALSE
Boyer, Blaine,430641,2016,66,9.2,6,0.264,0.341,0.285,0.31,0.077,85.9,9.4,32.8,1.3,18.3,13.1,59.6,92.6,2292,18.4,39.7,84.2,2448,9.1,0.7,88.4,2356,14,FALSE
Shaw, Bryan,543766,2016,66.2,25.1,10.2,0.226,0.351,0.29,0.309,0.125,86.4,4.6,28.8,5.1,44.9,27.1,81.5,94.1,2428,11.9,18.2,82,2804,14.7,0.3,83.2,1776,13.8,FALSE
Barnes, Matt,598264,2016,66.2,24.7,10.8,0.237,0.383,0.315,0.331,0.146,89.9,9.6,36.3,5.5,47.1,27.8,70.1,97,2281,20.7,24.9,82.9,2169,11,5,88.6,2028,18.7,FALSE
Soria, Joakim,465657,2016,66.2,23.2,9.2,0.266,0.455,0.343,0.338,0.188,87.9,10.8,28.1,9.2,39.6,26,65.7,93.1,2186,19.1,19.3,75.5,2579,14.6,15.1,86.9,1279,12.1,FALSE
Britton, Zack,502154,2016,67,29.1,7.1,0.164,0.223,0.198,0.224,0.059,88.6,-8.4,15.4,2.5,62.3,37.8,92.1,96.9,2071,14.5,7.9,82.6,2581,11.1,,,,,TRUE
Treinen, Blake,595014,2016,67,24,11.8,0.19,0.278,0.248,0.285,0.088,86.7,-1.1,20.7,3,47.4,25.4,69,96,2348,19.9,30.1,87.3,2497,3.6,0.9,88.6,1583,15,FALSE
Thornburg, Tyler,592804,2016,67,34.2,9.5,0.188,0.326,0.266,0.272,0.138,88.9,18.9,33.6,5.5,38.8,28.6,66.4,94.7,2476,22.7,24.7,79.4,2755,15.5,9,86.2,1684,17.4,FALSE
McGowan, Dustin,430661,2016,67,22.6,11.8,0.207,0.333,0.277,0.306,0.126,86.8,5.1,28.7,3.9,46.9,30.9,63.9,95.5,2255,20.7,30.6,87.5,2277,5.2,5.5,88.7,1830,18.8,FALSE
Chavez, Jesse,445926,2016,67,22.3,6.4,0.249,0.447,0.318,0.302,0.199,89.1,13.3,32.7,7.5,33.8,20,75.3,92.8,2367,18.2,12.8,80,2579,11.5,11.9,86.4,1956,15.7,FALSE
Dean, Pat,534737,2016,67.1,16.7,7.7,0.274,0.459,0.337,0.328,0.185,91.1,13.1,31.7,8.4,23.8,15.7,56,90.1,1899,20.7,33.5,83.9,1988,8.6,10.5,85.1,1404,17.1,FALSE
Bowman, Matt,621199,2016,67.2,18.5,7.1,0.225,0.299,0.258,0.282,0.074,85,1.4,25.5,2.4,36.2,22.9,63.1,92.3,2010,20.4,22.5,87.2,2245,7.8,14.4,81.6,1099,11.3,FALSE
Biagini, Joe,607352,2016,67.2,21,6.4,0.224,0.319,0.271,0.289,0.095,87.4,7,28.7,3.3,41,25,60.1,94.9,2215,22.6,33.9,85.1,2530,12.4,6,86.5,1622,19.5,FALSE
Bastardo, Antonio,455374,2016,67.2,24.9,10.8,0.201,0.347,0.29,0.302,0.145,86.6,21.5,35.3,8,36.7,29.9,65.5,92.1,2390,24.6,26.7,83.6,2589,9.9,7.8,85.6,1911,20,FALSE
Watson, Tony,453265,2016,67.2,21.3,7.4,0.221,0.405,0.301,0.289,0.183,86.4,15.5,27.2,6.8,44.1,25.5,66.5,93.8,2341,20.6,8.8,86.3,2304,7.1,24.7,85.8,2353,21.9,FALSE
Richard, Clayton,453385,2016,67.2,13.4,10.1,0.257,0.35,0.304,0.336,0.094,88.4,-0.8,25.9,3,33.1,19.7,73.7,91.4,2107,20.3,12.6,82.1,2215,4.5,13.7,84.5,1752,15.8,FALSE
Ziegler, Brad,446899,2016,68,20.1,9,0.237,0.353,0.287,0.313,0.116,89.1,0,24.3,4,39.8,25.3,57.9,84.5,1905,16.1,18,74.1,2038,13.9,24.1,76.9,2104,15.5,FALSE
Allen, Cody,592102,2016,68,33,10.2,0.208,0.364,0.29,0.292,0.157,91.1,12.5,34,9.3,52.6,31,63.4,94.9,2517,23.9,36.6,84.6,2577,12,,,,,FALSE
Tropeano, Nick,607374,2016,68.1,23,10.5,0.218,0.435,0.317,0.304,0.217,89.8,19.2,29.7,11.8,47.6,28.4,49.5,91.5,2221,23.3,27.6,80.7,2021,5.8,22.9,82.4,1798,20,FALSE
Jansen, Kenley,445276,2016,68.2,41.4,4.4,0.143,0.237,0.188,0.189,0.094,86.4,22.7,28.4,5.2,51.1,33.5,93.8,94.2,2573,18.8,6.2,83.6,2325,5,,,,,TRUE
Gomez, Jeanmar,491646,2016,68.2,15.8,7.4,0.262,0.429,0.323,0.321,0.167,87.3,6.2,31.9,7.1,27.7,18.1,64.7,91.9,1990,21.5,12.6,83.7,2120,6.5,22.8,84.7,1539,16.6,FALSE
Norris, Daniel,596057,2016,69.1,23.5,7.3,0.254,0.421,0.32,0.31,0.167,89.9,14.7,33.5,7.2,43.8,25,62.6,93.7,2433,19.4,22.4,83.8,2448,9.8,15,86.4,1564,14.6,FALSE
Milone, Tommy,543548,2016,69.1,15.8,7.1,0.289,0.484,0.353,0.343,0.195,87.2,9.9,34.7,7.9,28.6,20.9,53,87.9,2243,22.4,12.9,76.5,2515,8.6,34.1,81.8,1722,20.1,FALSE
Maurer, Brandon,543506,2016,69.2,24,7.7,0.236,0.412,0.302,0.3,0.176,89.4,13.7,35.1,7.4,41.1,26.7,55.2,96,2420,22.7,32.2,85.7,2546,5.8,12.7,85.6,2025,18.3,FALSE
Adleman, Tim,534947,2016,69.2,16.4,7,0.267,0.469,0.345,0.333,0.201,88.7,16.3,37.2,7.9,26.4,21.8,60.5,91.5,2235,19.4,18.6,76,1988,10.4,20.9,85.4,1676,15.4,FALSE
Neal, Zach,594943,2016,70,9.6,2.1,0.263,0.42,0.301,0.282,0.157,87.2,7.8,26.7,5.7,32.1,18.6,83.2,89.3,2198,12.6,2.9,76.5,2130,7.1,14,82.4,1907,14.1,FALSE
Lamb, John,543424,2016,70,18.2,9.7,0.254,0.405,0.322,0.33,0.152,86.9,13.3,32,5.7,22.9,20.1,69.8,88.8,2135,18,13.1,68,2156,12.8,17.1,74.8,1532,15.9,FALSE
Latos, Mat,502009,2016,70,13.6,9.7,0.262,0.427,0.331,0.335,0.165,88,13,31.8,4.2,33.3,16.9,54.2,90.9,1975,21.2,23.7,84,1927,9.3,22.1,82.6,1774,9.7,FALSE
Blair, Aaron,594760,2016,70,14.2,10.5,0.265,0.467,0.349,0.353,0.202,89.1,13.6,31.5,7.1,39,21.9,58.3,91.5,2123,19.1,20.5,78.6,2071,5.8,21.2,84.9,1614,14.6,FALSE
Shipley, Braden,640463,2016,70,14.1,9.2,0.314,0.525,0.385,0.378,0.211,90.1,11.3,31.6,8.1,30.3,18.9,55.1,91.9,2084,20.4,24.6,80.3,2171,11,20.3,85.1,1963,20.1,FALSE
Dyson, Sam,473879,2016,70.1,19.3,8.1,0.229,0.318,0.278,0.299,0.089,89.1,-0.6,22.5,3.4,28.1,18.1,69.2,96,2245,18.7,11.3,84.6,3083,17.2,19.5,89.6,1939,16.2,FALSE
Cessa, Luis,570666,2016,70.1,16.1,4.9,0.26,0.454,0.327,0.305,0.195,88.5,11.8,32.9,8.6,41,24.1,50.1,95.2,2226,21,39.2,83.8,2346,6.7,10.7,85.5,1715,17.4,FALSE
Oberholtzer, Brett,519085,2016,70.1,16.8,9,0.28,0.486,0.359,0.349,0.205,90.1,12.6,33.8,7.2,28.4,18.4,58.2,89.6,2140,21.1,13.6,80.7,1918,8.6,28.3,80.5,1706,16.7,FALSE
Otero, Dan,519096,2016,70.2,21.2,3.7,0.225,0.303,0.244,0.254,0.078,87.1,2.1,25.7,1.5,24.9,16.3,78.3,90.8,2112,19.7,10.6,82.4,2083,7.1,11.1,83.7,1371,13.2,FALSE
Jones, Nate,518858,2016,70.2,29.2,5.5,0.208,0.337,0.257,0.259,0.129,89.7,10.6,27.3,5.1,51.5,29.5,62.9,97.5,2450,21.8,36.7,88.7,2330,4.4,0.4,88.6,2014,21.9,FALSE
Kuhl, Chad,641771,2016,70.2,17.6,6.6,0.239,0.393,0.303,0.3,0.154,88.9,11.6,32.1,4.9,36.7,20.2,66.8,93.4,2047,20.5,27.5,87.2,2312,5.9,5.6,85.7,1577,15.8,FALSE
Severino, Luis,622663,2016,71,21.2,8,0.263,0.435,0.331,0.329,0.172,89.7,9.2,32.1,7.8,35.5,22.6,57.1,96.6,2329,20.5,33.9,88.8,2362,8.1,9,89.2,1863,20.2,FALSE
Melancon, Mark,453343,2016,71.1,24.1,4.4,0.204,0.288,0.233,0.241,0.084,85.3,5,28.1,3.1,38.9,23.5,73.8,91.7,2382,11,25.8,81.7,2746,15.2,0.4,84.5,1877,14.7,FALSE
Clemens, Paul,518560,2016,71.1,16.9,9.9,0.249,0.464,0.346,0.335,0.214,90.8,15.3,33.2,8.8,23.1,17.1,64.8,92.4,2381,23.5,31,74.7,2765,17.7,4.2,84.1,1768,18.3,FALSE
Tonkin, Michael,543859,2016,71.2,25.4,7.6,0.259,0.459,0.338,0.323,0.2,90.6,16.4,38,9.6,39.8,25.5,70.9,94.6,2385,21.1,29,83.4,2191,5.1,0.1,87.4,1483,8.8,FALSE
Herrera, Kelvin,516969,2016,72,30.4,4.2,0.206,0.318,0.249,0.249,0.113,88.6,12.5,28,4.9,46.4,31.7,60.1,97.8,2254,20.8,21.4,82.9,2594,11.8,18.5,89.3,1786,18.7,FALSE
Mengden, Daniel,596043,2016,72,21.4,9.9,0.26,0.434,0.339,0.342,0.174,88,13,32.1,5.8,35.2,21.9,55.7,92.7,2144,21.6,29.4,82.5,2391,13.4,15,81.9,1838,17.3,FALSE
Barraclough, Kyle,607457,2016,72.2,36.9,14.4,0.167,0.23,0.248,0.293,0.063,87.6,6.4,34,2,61.2,35,54.2,96.2,2481,19.1,42,82.8,2544,9.6,3.8,90.2,1440,16.8,FALSE
Hernandez, David,456696,2016,72.2,24.8,9.9,0.243,0.377,0.303,0.323,0.134,88.9,15,33.3,3.9,42.8,26.7,64.1,94.7,2380,22.9,34.4,81.5,2189,9.7,1.4,87.7,2059,18.3,FALSE
Betances, Dellin,476454,2016,73,42.1,9.4,0.167,0.256,0.231,0.248,0.089,86.6,7,29.2,3.5,59.9,41,43.3,98.3,2505,18.9,56.7,84.8,2803,11.6,,,,,FALSE
Wilson, Alex,543935,2016,73,16.5,7.1,0.24,0.379,0.29,0.296,0.14,88.5,12.3,29.6,5.8,39.6,20.5,56.9,92.4,2164,20.3,42.4,87,2461,10.5,0.6,88.1,1905,20.1,FALSE
Salas, Fernando,477569,2016,73.2,21.8,6.5,0.237,0.416,0.302,0.286,0.179,89.2,16.5,29.5,7.1,31.8,22.4,61.1,91.5,2196,22.9,22.1,84.1,1985,6.2,16.7,86.2,1757,17.6,FALSE
Baez, Pedro,520980,2016,74,28.1,7.5,0.211,0.37,0.281,0.274,0.159,87.3,14.4,29.4,7,42.3,29.9,74.7,97.4,2307,21.2,12.6,88.3,1884,8.3,12.7,87.8,1775,18.9,FALSE
Osuna, Roberto,532077,2016,74,28.5,4.9,0.231,0.395,0.285,0.275,0.164,88.4,19.7,36,9.5,46.7,29.9,73.2,95.9,2447,22,19.6,86.5,2310,8.3,7.2,83.5,1921,22.3,FALSE
Villanueva, Carlos,453646,2016,74,19,4.4,0.284,0.487,0.34,0.321,0.203,89.5,13.4,35.8,8.6,39.8,24.1,44,88.7,2162,22.3,43.4,80.4,2225,9.2,12.6,82.9,1375,16.5,FALSE
Miller, Andrew,453192,2016,74.1,44.7,3.3,0.155,0.261,0.197,0.189,0.106,87.3,5.8,28.4,5.7,56,36.2,39.5,95.2,2090,19.7,60.5,84.3,2592,10.3,,,,,TRUE
Dull, Ryan,623430,2016,74.1,25.2,5.2,0.185,0.331,0.239,0.231,0.146,87.7,21.5,26.9,6.5,47.5,28.6,58.9,91.4,2380,17.7,33.8,83.4,2190,7.1,7.3,83.9,1209,7.9,FALSE
Givens, Mychal,571710,2016,74.2,30.7,11.5,0.207,0.306,0.281,0.314,0.099,85.3,15.7,38.3,3.4,42.5,32.1,64.2,94.9,2384,15.7,29.4,85.9,2160,6.4,6.4,85.9,1973,12.6,FALSE
Godley, Zack,643327,2016,74.2,17.9,7.5,0.271,0.457,0.338,0.335,0.186,89.5,5.8,33.7,7.7,48.8,26.6,64.6,90.9,2241,13.4,25.5,82.2,2220,9.7,9.9,83.5,1479,9.5,FALSE
Wright Jr., Mike,605541,2016,74.2,15.2,7.9,0.259,0.437,0.34,0.339,0.178,88.5,13.9,32.5,5.3,26.6,16.1,70.3,93.7,2164,21.2,21.9,82.4,2310,5.1,7.8,81.2,1668,19.6,FALSE
Delgado, Randall,517414,2016,75,20.2,10.7,0.224,0.347,0.289,0.31,0.122,88.3,14.3,31.2,3.9,39.3,23.7,54.7,92.9,2205,21.9,25,82.5,1975,4.3,20.3,85.8,1973,19.9,FALSE
Pressly, Ryan,519151,2016,75.1,20.4,7,0.266,0.449,0.332,0.322,0.183,89.9,14,40.3,6.8,48.7,24,55.3,95.7,2440,19.7,44.7,87,2766,11.6,,,,,FALSE
Wood, Blake,502028,2016,76.2,24.5,11.5,0.232,0.37,0.307,0.325,0.138,89.9,6.1,26.8,6.2,48.3,25.8,54.6,96.7,2193,19.3,38.7,90.3,2297,7.2,6.7,87.4,938,12.7,FALSE
Vazquez, Felipe,553878,2016,77,28.1,10.1,0.217,0.346,0.29,0.31,0.128,86.7,8.6,35.2,6.1,46.7,32.1,62.1,96.5,2315,19.3,16.9,83.2,2647,12.2,20.9,88.2,1931,16,FALSE
Urias, Julio,628711,2016,77,25,9.2,0.23,0.337,0.29,0.311,0.107,86.7,11.5,34.1,4.1,36.7,25.5,55.7,93.2,2432,20.7,31.4,80.7,2561,11.7,12.9,80.5,1818,19.8,FALSE
Feldman, Scott,444857,2016,77,16.6,5.6,0.245,0.395,0.297,0.295,0.15,85.8,8.2,31.2,5.4,32.3,18.5,71,89.9,2206,15,24.8,76.5,2585,15.8,4.1,84.6,1855,18.3,FALSE
Familia, Jeurys,544727,2016,77.2,26.2,9.7,0.199,0.262,0.241,0.279,0.063,86.1,-2.5,25.4,2,50.9,31.8,80,96.8,2247,18.9,20,87.3,2270,3.3,,,,,FALSE
Reed, Addison,592665,2016,77.2,29.9,4.3,0.228,0.346,0.257,0.26,0.119,89.3,14.3,35,4.5,42.6,25.9,72.5,93,2135,19.2,27.3,86.5,2026,6.7,0.2,86.1,1779,18.7,FALSE
Robles, Hansel,570663,2016,77.2,25.7,10.9,0.221,0.349,0.293,0.311,0.128,89.2,18.6,34.9,5.7,31.9,25.1,65.1,95.8,2407,22.1,26.4,85.4,2151,6.5,8.5,89.1,1712,18.7,FALSE
Iglesias, Raisel,628452,2016,78.1,25.5,8,0.197,0.294,0.256,0.274,0.098,86,12.8,27,2.8,44.5,28.2,61.4,93.2,2297,19.2,31.9,83.6,2449,9.8,6.7,85.6,1728,16.5,FALSE
Ramirez, JC,500724,2016,78.2,17.6,6.6,0.217,0.337,0.267,0.274,0.12,88.2,5.2,27.2,4.4,40.7,21,73.3,97.1,2171,14.8,25.7,87.8,2180,7.6,1,89.9,1313,11.2,FALSE
Brach, Brad,542960,2016,79,29.6,8,0.204,0.322,0.259,0.268,0.118,87.2,13.6,34,4.6,45,31.5,60,95.1,2327,19.7,18.2,86.8,2453,6.7,21.8,86.8,1914,16.9,FALSE
Nicolino, Justin,592593,2016,79.1,10.7,5.8,0.3,0.475,0.35,0.343,0.175,90.3,10.7,34.6,5.9,22.6,11.8,69.9,89.1,2004,19.1,12,77.5,2327,5.2,18.1,83.2,1626,18.4,FALSE
Oh, Seunghwan,493200,2016,79.2,32.9,5.8,0.173,0.28,0.221,0.228,0.107,88.8,17.6,28.4,4.2,47.6,35.1,61.3,93.5,2311,20.8,31.7,86.1,2243,7.5,7,83.4,1590,18.3,FALSE
Blanton, Joe,430599,2016,80,25.4,8.3,0.221,0.349,0.28,0.291,0.128,87.7,17,38.2,5.3,56.4,30.7,30.4,91.7,2185,19.3,58.2,85.1,2401,7.4,11.4,86.6,1798,15.8,FALSE
Neris, Hector,593576,2016,80.1,31.1,9.1,0.225,0.343,0.287,0.304,0.118,89.1,12.9,32.1,4.1,50.2,33.8,47.1,94.6,2370,22,2.9,87.9,1956,9.9,50,87.6,1526,17.6,FALSE
McCullers Jr., Lance,621121,2016,81,30.1,12.8,0.212,0.324,0.287,0.313,0.112,88.5,2.7,29.4,5.5,57.4,31.3,42.5,94.4,2343,14.9,49.7,85.7,2899,14.2,7.8,89.3,1798,14.1,FALSE
Torres, Carlos,448614,2016,82.1,23,8.8,0.226,0.36,0.293,0.305,0.135,86.3,11.6,30.8,5.7,44.8,24.8,87.7,91.7,2331,12.8,12.2,81.3,2460,14.3,0.2,86.2,2372,11.6,FALSE
Vogelsong, Ryan,285064,2016,82.1,16.7,10.9,0.236,0.398,0.318,0.33,0.162,88,14.6,32.3,6.9,28.4,17.2,49.3,90.7,2024,19.8,37.8,82.9,1994,12.2,12.9,84.2,1793,19.1,FALSE
Urena, Jose,570632,2016,83.2,15.5,7.8,0.264,0.406,0.317,0.332,0.142,87.6,8.1,31.8,4.6,31.9,21.3,64.4,95.6,2147,20.7,17.4,85.7,2265,8.5,18.2,89.8,1765,20.5,FALSE
Suarez, Albert,544150,2016,84,15.2,7.3,0.254,0.419,0.315,0.318,0.165,88.4,9.2,32.1,6.3,33,20.2,57.5,92.6,2266,18,30.6,77.4,2264,9.5,11.9,83.9,2108,18.6,FALSE
Jackson, Edwin,429719,2016,84,16.4,11,0.267,0.469,0.352,0.35,0.201,89.4,14,32.6,7.8,40.3,22.5,57.8,92.1,2256,16.5,40.7,84.9,2237,7.1,1.6,87.5,2135,22.7,FALSE
Rusin, Chris,543734,2016,84.1,19.7,6.6,0.253,0.366,0.296,0.31,0.113,89,4.5,25.5,4.3,37.2,21.6,75.1,88.8,2275,14,6.9,79.3,2790,7,18.1,82.5,1703,15.6,FALSE
Phelps, David,475479,2016,86.2,32.4,10.8,0.188,0.299,0.254,0.28,0.111,87.4,10.1,28.8,5.1,36.2,25.6,77.6,93.6,2303,19.9,21.1,84.6,2528,13.4,1.3,85,2083,19.2,FALSE
Worley, Vance,474699,2016,86.2,15.3,9.6,0.235,0.371,0.305,0.316,0.136,87.8,11.3,26.8,4.5,20.6,12.7,73.6,89.5,2252,19.2,25,82.9,2186,11.3,1.4,84.2,1978,19.2,FALSE
Young, Chris,432934,2016,88.2,23.2,10.6,0.264,0.536,0.371,0.343,0.272,89.8,20.1,36,12.7,44.2,26.6,48.1,88.3,2417,25,49.9,82.6,2346,12.7,2,82,2282,16,FALSE
Snell, Blake,605483,2016,89,24.4,12.7,0.246,0.357,0.313,0.341,0.111,87.4,12.6,39.7,3.2,40.6,27.8,57.3,94.2,2508,22,24.8,79.7,2305,7.7,17.9,85.4,1742,22.8,FALSE
Hand, Brad,543272,2016,89.1,30.5,9.9,0.196,0.328,0.266,0.279,0.132,88.5,10.6,28.2,5.6,46.4,28.4,61.3,93.4,2396,21.1,37.8,82.7,2613,9.9,0.9,87.4,2293,17.3,FALSE
Cain, Matt,430912,2016,89.1,18.1,8.1,0.266,0.448,0.337,0.335,0.182,88.9,16.1,33.1,7,36.5,21.8,49.6,90.9,2459,18.7,38.9,82.5,2746,9.3,11.6,85.1,1662,12.7,FALSE
Ramirez, Erasmo,541640,2016,90.2,16.7,6.9,0.251,0.403,0.305,0.31,0.152,88.7,8.7,27,4.9,27,19.4,63.2,91.8,2272,20.1,18.7,86,2379,11.9,18,82.3,1645,15.8,FALSE
Verrett, Logan,548337,2016,91.2,16.3,10.6,0.284,0.515,0.377,0.367,0.231,89.9,10.5,36.5,9.9,34.3,19.2,57.4,90.7,2166,21,32.7,82.3,2213,5.2,9.9,84.3,1756,17.6,FALSE
Harvey, Matt,518774,2016,92.2,18.9,6.2,0.26,0.411,0.313,0.31,0.151,88.5,11.2,38,4.3,31.2,21.4,59.1,95.2,2230,22,29.9,86.9,2289,8,11,87.6,1896,20.1,FALSE
Wilson, Tyler,592869,2016,94,13.3,5.8,0.272,0.447,0.332,0.321,0.176,89.8,11.8,32.9,6,33.2,15.5,61.6,90.2,2196,16.3,25.8,79.2,2448,11.3,12.6,82.1,1603,14.2,FALSE
Karns, Nate,501992,2016,94.1,24.2,10.8,0.246,0.399,0.322,0.333,0.153,89.8,12.4,35.1,6,44.8,26.4,52.9,93.6,2216,20.2,36.4,82,2375,12.5,10.6,86.8,1606,17.1,FALSE
Boyd, Matthew,571510,2016,97.1,19.9,7,0.229,0.391,0.295,0.289,0.162,87.5,18.5,31.6,7.1,27.7,20.3,60.9,91.8,2371,21.7,23.5,79.4,2305,9.5,15.6,79.8,2012,20.3,FALSE
Stripling, Ross,548389,2016,100,17.7,7.2,0.25,0.391,0.301,0.305,0.141,88.7,7.1,32.5,5.4,36.7,20.2,47.1,91.1,2158,20.3,42.9,82.5,2422,10.2,10,82.8,1652,17,FALSE
Montgomery, Mike,543557,2016,100,22.2,9.2,0.243,0.358,0.309,0.333,0.115,89.4,2.8,27,4.4,47.5,27.2,65.7,93.4,1956,18,24.4,77.5,2457,15.3,9.9,84.4,1919,18.9,FALSE
Darvish, Yu,506433,2016,100.1,31.7,7.5,0.197,0.337,0.263,0.262,0.14,86.3,13.2,33.6,6,42.7,29.5,69,93.3,2442,19.2,28.6,79.3,2553,15.2,2.3,86.6,1663,16.1,FALSE
Miller, Shelby,571946,2016,101,15.2,9.1,0.293,0.507,0.368,0.359,0.215,89.9,13.3,34.1,9.8,25.9,18.2,83,92.5,2259,18.4,11.7,79.7,2329,8.8,5.3,86.6,1860,17.3,FALSE
Garza, Matt,490063,2016,101.2,15.2,7.8,0.261,0.393,0.311,0.322,0.132,89.3,7.4,23.3,4.8,35,19,69.1,92.8,2003,19.2,27.3,80.8,2119,8.6,3.6,85.5,1457,17.4,FALSE
Rea, Colin,607067,2016,102.2,17.6,9.7,0.266,0.421,0.336,0.351,0.155,90,9.5,33.6,4.4,30.8,17.1,76.9,91.5,2053,18.8,17.6,78.7,2264,12.5,5.5,85.4,1596,18.1,FALSE
Taillon, Jameson,592791,2016,104,20.3,4.1,0.223,0.347,0.265,0.261,0.124,88.9,7.8,24.6,4.2,34,18.4,63.2,94.9,2214,17.5,26.3,80.6,2585,14.7,10.6,87.5,1662,13.6,FALSE
Ross, Joe,605452,2016,105,20.8,6.5,0.262,0.385,0.309,0.321,0.123,89,11.4,33.2,3.1,40.4,24.1,52.1,93.4,1995,21.2,39,84.3,1900,6.6,8.8,87.8,2031,22.4,FALSE
Zimmermann, Jordan,519455,2016,105.1,14.7,5.8,0.263,0.463,0.329,0.307,0.2,88,16,30.6,6.5,29.5,17.3,52.4,92.4,2372,21.1,44.4,85.6,2399,9.1,3.2,87.6,1791,17.9,FALSE
Rodriguez, Eduardo,593958,2016,107,21.8,8.7,0.223,0.378,0.298,0.296,0.155,86,18.9,34.3,6.3,35.2,23.5,67.5,94,2164,20.7,15.7,86.2,2177,7.6,16.8,87.9,1967,21.1,FALSE
Holland, Derek,502706,2016,107.1,14.5,7.6,0.271,0.453,0.337,0.33,0.182,88.4,15.2,36.1,6.7,25.2,17.2,60.9,92.3,2207,21.9,27.5,79.5,2010,7.8,11.6,83.7,1992,20.6,FALSE
Devenski, Chris,606965,2016,108.1,25.5,4.9,0.219,0.33,0.263,0.264,0.111,86.9,16.7,35.9,3.9,43.9,29,45.9,92.9,2333,22.7,22.3,79.8,2286,13.7,31.8,81.5,1433,13.7,FALSE
Bundy, Dylan,605164,2016,109.2,21.9,8.9,0.244,0.405,0.314,0.32,0.162,87.6,17.1,35.1,6.2,37.9,24.2,61.6,94.4,2488,23.8,18.4,76.7,2316,12.6,20,85.3,1735,18.3,FALSE
Hill, Rich,448179,2016,110.1,29.4,7.5,0.196,0.296,0.255,0.271,0.1,87.1,13.2,27.9,3.7,36.3,28,47.3,90.8,2456,23.5,51,75.2,2828,19,1.7,83.4,1708,18.9,FALSE
Nola, Aaron,605400,2016,111,25.1,6,0.24,0.355,0.283,0.294,0.115,87.2,6,30,3.7,38.6,24.3,57.6,90.7,2017,20.6,33.7,76.8,2516,17.2,8.6,82.3,1459,16.4,FALSE
Norris, Bud,502032,2016,113,20.6,9.9,0.252,0.412,0.322,0.331,0.16,90.2,10.4,31.4,5.6,37.8,23.1,64.8,93.4,2389,19.6,32.7,85.4,2434,5,2.5,85.1,1779,18.6,FALSE
Morgan, Adam,605388,2016,113.1,18.7,5.7,0.29,0.481,0.349,0.335,0.192,89.6,13.4,37.2,7.1,38.7,23.9,49.3,91.3,2338,21.1,29.9,82,2474,9.2,20.9,79.9,1712,18.2,FALSE
Anderson, Tyler,542881,2016,114.1,20.7,5.9,0.234,0.325,0.269,0.284,0.091,84.9,7.9,27.1,2.9,35.9,22.5,70.2,89.7,2252,17.1,1.1,76.6,2336,5.9,28.8,81.9,1779,17.1,FALSE
Cole, Gerrit,543037,2016,116,19.4,7.1,0.263,0.371,0.304,0.323,0.108,87.8,8,36.1,3,36.7,18.8,66.5,95.9,2172,20.6,27.9,85.9,2444,9.5,5.6,88.8,1694,19,FALSE
Lewis, Colby,407890,2016,116.1,15.5,5.9,0.252,0.43,0.315,0.3,0.178,88.7,18.1,32.9,6.8,34.1,18.5,53.1,87.8,2266,22.5,39.6,81.5,2305,9.7,7.3,82.6,1614,18.9,FALSE
Gray, Sonny,543243,2016,117,18.2,8.1,0.264,0.428,0.328,0.325,0.165,90.2,6.1,28.6,6.3,46,19.6,63.8,93.2,2387,16.4,26.4,83,2793,14.4,9.8,88.7,1770,13.8,FALSE
Nicasio, Juan,504379,2016,118,26.9,8.8,0.208,0.326,0.273,0.288,0.118,88.5,13,30.3,5,35.8,24.2,69.1,94.3,2129,20.9,29,87,1975,8,1.9,87.3,1930,20,FALSE
Gallardo, Yovani,451596,2016,118,16.2,11.6,0.255,0.409,0.328,0.342,0.154,89,13.3,33.6,5.3,30.3,17.5,45.7,90.7,2159,21.5,44.9,84.4,2314,12.6,9.3,85,1981,21.2,FALSE
Peavy, Jake,408241,2016,118.2,19.6,6.9,0.257,0.477,0.336,0.312,0.22,89.8,18.4,33.9,9.2,38.2,22.8,77.8,87.8,2496,17.5,15.3,79.4,2567,4,6.8,83.4,1832,18.1,FALSE
Griffin, A.J.,456167,2016,119,21,9,0.258,0.469,0.345,0.334,0.211,89.2,21.1,38.1,8.6,36.1,22.8,54.9,88.2,2305,24,35.7,74.9,2481,14.5,9.4,81.4,1789,18.9,FALSE
Pelfrey, Mike,460059,2016,119,10.4,8.5,0.308,0.47,0.366,0.374,0.162,89,7.5,31.4,5.5,24.4,16.4,69.6,93.4,1961,20.4,14.5,80.7,1935,8.2,15.8,81.7,920,11.5,FALSE
Paxton, James,572020,2016,121,22.9,4.7,0.246,0.364,0.28,0.283,0.118,90.4,8.8,30.6,4.1,46.5,25.5,79.9,95.7,2117,17.2,12.2,82.5,2033,11,7.9,89.4,1871,15.8,FALSE
Niese, Jonathon,477003,2016,121,16.1,8.6,0.27,0.456,0.343,0.338,0.186,89.4,7.5,33.6,6.4,28.6,17.4,80.2,88.8,2101,14.8,9.4,75.3,2348,9.7,10.3,83.2,1371,14.4,FALSE
Guerra, Junior,448855,2016,121.2,20.3,8.7,0.233,0.386,0.3,0.304,0.154,88.2,12.3,30.9,5.8,41.7,24.6,61.5,93.8,2163,18.6,17.7,82.7,1877,4.3,20.8,85.6,1012,9.1,FALSE
DeSclafani, Anthony,543101,2016,123.1,20.7,5.9,0.249,0.397,0.301,0.299,0.148,88.8,12,34.5,6.3,47.1,21.5,57.2,93.4,2025,19.1,40.6,86.1,2102,8.4,2.1,87.5,1671,15.9,FALSE
Foltynewicz, Mike,592314,2016,123.1,21.1,6.7,0.244,0.408,0.307,0.302,0.164,88.6,12.8,31.6,6.2,34.2,22,62.6,95.9,2356,21.9,29.4,83.5,2318,6.1,8,85.8,2026,19.9,FALSE
Chen, Wei-Yin,612672,2016,123.1,19.2,4.6,0.276,0.475,0.338,0.313,0.199,89.7,13.2,33.8,8.4,36.9,20.7,61.1,91.2,2033,22.1,27.7,81,2255,10.6,11.3,84,1542,18.1,FALSE
Eovaldi, Nathan,543135,2016,124.2,18.5,7.6,0.267,0.467,0.339,0.324,0.2,89.8,7.8,31.3,8.5,36.8,22.1,57,97,2293,20.4,21,84.3,2111,8.4,22,89,1640,11.5,FALSE
Gee, Dillon,518716,2016,125,16.2,6.7,0.258,0.437,0.322,0.315,0.179,87.1,14.3,34.6,6.2,30.7,18.3,65.7,88.8,2343,17.6,16.6,77.5,2504,11.3,17.7,84.3,1905,18.7,FALSE
Locke, Jeff,502046,2016,127.1,12.9,7.8,0.278,0.44,0.336,0.34,0.162,89,10.1,31.4,6.5,28.6,19.2,66.2,92.1,2078,19.8,1.3,79.3,1358,8.5,32.4,83.1,1506,13.7,FALSE
Andriese, Matt,542882,2016,127.2,20.7,4.7,0.253,0.422,0.308,0.291,0.169,91.1,13.6,30.7,7.2,40.5,22.9,56.1,91.5,2341,18.7,31.6,83.9,2358,7.8,12.3,86.3,1993,6.6,FALSE
Peralta, Wily,503449,2016,127.2,16.8,7.8,0.279,0.448,0.341,0.339,0.169,89.2,6.5,34.9,6.7,36.7,21,62.8,95.4,1859,19.9,32.3,85.1,2060,5.1,4.9,85.6,1529,18.7,FALSE
Friedrich, Christian,543184,2016,129.1,17.6,9.2,0.242,0.369,0.301,0.314,0.128,88.4,14.2,28.8,4.1,36.3,19.3,48.8,89.9,2202,20.9,38.2,79.9,2527,8.2,13,84.8,2116,18.3,FALSE
Velasquez, Vince,592826,2016,131,27.6,8.2,0.241,0.409,0.311,0.305,0.168,88.6,16.9,37.4,7.9,41.1,27.1,63.9,94.4,2277,21.2,22.7,82.3,2354,8.2,13.4,88,1675,17.1,FALSE
Cashner, Andrew,488768,2016,132,19,10.2,0.268,0.46,0.352,0.353,0.191,90.8,10.9,33.8,7.8,35,18.4,66.6,94.1,2179,21.8,27.1,85.7,2181,8.1,6.4,85.7,1603,17.8,FALSE
Matz, Steven,571927,2016,132.1,23.6,5.7,0.225,0.338,0.272,0.277,0.113,88.7,7.1,26.4,4.5,40.4,22.3,61.6,94.3,2062,19.4,26.5,82.1,2312,10,11.9,83.8,2208,19.1,FALSE
Duffey, Tyler,608648,2016,133,19.1,5.4,0.285,0.5,0.355,0.331,0.215,90.2,8.1,35.1,9.5,32.6,19.6,54.5,91,2176,17.4,38.7,80.9,2421,11.4,6.8,82.9,1636,16.6,FALSE
Conley, Adam,543045,2016,133.1,21.2,10.6,0.216,0.381,0.304,0.315,0.166,87.9,17,32.6,6.2,41.1,23.1,63.4,91.7,2354,22.6,18,85.6,2124,8.7,18.6,83.5,2069,21.6,FALSE
De La Rosa, Jorge,407822,2016,134,17.6,10.3,0.268,0.437,0.344,0.353,0.168,88.9,10,30.8,6.4,45.3,24.4,55.4,89.3,1897,15.9,10.3,74.6,2570,10.9,34.3,82.2,1330,12.5,FALSE
Walker, Taijuan,592836,2016,134.1,20.8,6.5,0.246,0.434,0.32,0.306,0.189,89.4,12.7,34,9,35.5,22.5,68.5,93.9,2127,19.7,11.3,76.5,2272,13.8,20.1,88.9,1586,16.1,FALSE
Gonzalez, Miguel,456068,2016,135,16.8,6.2,0.256,0.392,0.306,0.31,0.136,87.6,14.4,32.6,4,28.7,18.2,47.2,92.1,2363,21.2,33.1,84.5,2623,10.2,19.7,84.8,1330,14.8,FALSE
Kazmir, Scott,431148,2016,136.1,22.7,8.8,0.238,0.388,0.308,0.316,0.149,85.9,13.9,35.8,5.3,34.6,23.3,65.4,91.3,2184,20.7,15.9,79.5,1964,5.3,18.7,77.2,1440,15.2,FALSE
Salazar, Danny,517593,2016,137.1,27.6,10.8,0.226,0.384,0.304,0.312,0.158,91.3,9.4,32.4,7.8,39.8,25.6,68.3,95.3,2410,23,14,84.1,2414,7.9,17.8,86.4,1407,12.7,FALSE
Wacha, Michael,608379,2016,138,18.8,7.4,0.264,0.422,0.316,0.318,0.158,88.1,8.9,37,6.1,28.9,18.8,69.8,93.1,2135,21.1,8.6,74.8,2136,10.8,21.5,85.5,1682,17.3,FALSE
Buchholz, Clay,453329,2016,139.1,15.8,9.4,0.25,0.418,0.326,0.327,0.168,88.2,16.2,29.9,6.7,39.7,21.8,62.8,91.5,2302,18,18.9,78.5,2783,16.3,18.3,81.8,1617,14.6,FALSE
Bradley, Archie,605151,2016,141.2,22.4,10.5,0.256,0.4,0.321,0.338,0.145,89.6,10.6,33,5.2,36.2,21.1,69.1,93,2368,19.9,23.8,80.5,2017,11.3,7.1,86.4,1743,16.1,FALSE
Jimenez, Ubaldo,434622,2016,142.1,19.6,11.3,0.238,0.376,0.313,0.328,0.138,88.5,10,29.1,5,36.5,21.4,56.7,90.5,2112,22.2,23.5,80.6,2514,12,19.9,84,1463,16.7,FALSE
Chacin, Jhoulys,468504,2016,144,18.8,8.7,0.262,0.398,0.318,0.331,0.136,88.9,9.1,29.1,4.4,36.8,19.5,59.9,91,2151,18.2,32.7,81.5,2442,12.7,7.4,84.4,1580,16.7,FALSE
Manaea, Sean,640455,2016,144.2,20.9,6.2,0.245,0.427,0.312,0.297,0.182,89.9,11.7,31,6.8,43.8,24.9,58.5,92.9,2000,21.6,12.8,80.5,1990,3.8,28.7,85.1,1321,13,FALSE
Carrasco, Carlos,471911,2016,146.1,25,5.7,0.232,0.383,0.286,0.279,0.151,89.5,8.3,30.6,5.1,43.4,27,52.7,94.5,2307,21,26.8,85.7,2523,6.8,20.5,89.5,1731,13.7,FALSE
Perdomo, Luis,606131,2016,146.2,15.9,6.9,0.271,0.44,0.329,0.328,0.169,90,1.2,29.6,5.8,38.1,19.3,63.2,94.4,1947,18.2,24.7,83.6,2283,5.1,12.1,89.5,1578,16.4,FALSE
Gibson, Kyle,502043,2016,147.1,15.9,8.4,0.276,0.44,0.338,0.341,0.164,88.4,7.6,32.7,6.1,35.7,22.6,55,91.6,2105,19.5,27.8,83.5,2314,7.5,17.2,83.1,1675,16.4,FALSE
Strasburg, Stephen,544931,2016,147.2,30.6,7.4,0.21,0.341,0.269,0.272,0.13,87.7,14.2,36.6,6,44.8,24.8,57.3,95.6,2169,22,29.6,86.5,2469,11.3,13.1,89.3,1788,19,FALSE
deGrom, Jacob,594798,2016,148,23.7,6,0.249,0.394,0.299,0.297,0.145,88.4,10.8,32,6.4,41.8,24.7,60.7,93.9,2269,19.5,29.8,86.2,2419,8.3,9.5,85.9,1686,16.9,FALSE
Kershaw, Clayton,477132,2016,149,31.6,2,0.193,0.298,0.22,0.212,0.105,86.9,9.4,27.9,4.5,51.9,31,50.6,93.6,2293,23.9,49,83.7,2384,13,0.3,87.8,2164,23,TRUE
Anderson, Chase,502624,2016,151.2,18.5,8.2,0.267,0.467,0.344,0.332,0.2,88.1,16.7,38.1,8.7,30.3,20.3,62.5,91.4,2147,20.6,13.5,77.1,2134,10.5,24,82.2,2270,23.5,FALSE
Sanchez, Anibal,434671,2016,153.1,20.2,7.9,0.252,0.423,0.321,0.317,0.171,88.6,16.3,31.2,6.1,34.2,21.6,57,91.7,2319,21.7,25.5,82.5,2284,8.2,17.5,84,1657,17,FALSE
Hernandez, Felix,433587,2016,153.1,18.6,9.9,0.26,0.416,0.334,0.345,0.155,88.9,8.6,31.7,5.9,39.9,22.3,49.9,90.9,1971,17.3,25.6,81,2342,12.2,24.5,87.6,1786,13.4,FALSE
Corbin, Patrick,571578,2016,155.2,18.7,9.4,0.27,0.458,0.348,0.345,0.187,89.9,7.5,31.3,9,41,22.6,63.5,92.3,2265,19.2,26.5,81,2302,6.7,9.9,85.3,1771,18.2,FALSE
Wright, Steven,453214,2016,156.2,19.4,8.7,0.21,0.316,0.271,0.288,0.106,86.9,10.5,27.8,3,31.3,25.1,14.8,83.9,1915,19.1,85.2,73.5,1855,9.9,,,,,FALSE
Wisler, Matt,605538,2016,156.2,17.1,7.3,0.249,0.43,0.317,0.308,0.181,89.4,14.7,30,6.4,41.2,20.7,59.8,93.4,2170,19.9,35,81.7,2478,9.6,5.2,87.6,2085,19.7,FALSE
Chatwood, Tyler,543022,2016,158,17.5,10.5,0.242,0.36,0.305,0.327,0.117,87.7,5.3,28.1,4,29.5,19,93,91.5,2387,14.5,4.8,77.1,2867,13.8,2.2,85.1,1764,15,FALSE
Greinke, Zack,425844,2016,158.2,20.1,6.1,0.254,0.431,0.313,0.299,0.178,87.9,10.9,32.1,6.9,38.6,22.6,51,91.8,2349,20.3,31.1,82.2,2462,10.3,17.8,88.1,1726,15.2,FALSE
Fulmer, Michael,605242,2016,159,20.4,6.5,0.235,0.384,0.297,0.296,0.149,88.1,9.8,28.7,5.8,34.9,23.4,56.9,95.4,2251,20.5,26.1,88.5,2412,9,16.9,86.6,1740,14,TRUE
Shoemaker, Matt,533167,2016,160,21.4,4.5,0.252,0.425,0.311,0.294,0.173,87.8,14.3,35,7,41.7,26.8,50.5,91.9,2122,21.4,8.7,81.8,1993,9.6,40.8,84.9,1271,15.5,FALSE
Nova, Ivan,467100,2016,162,18.6,4.1,0.257,0.43,0.313,0.297,0.174,90.7,5.2,32.1,6.7,39.1,20.3,64.6,93.2,2171,20,30.9,81.2,2282,6.7,4.6,86.9,2006,19.1,FALSE
Liriano, Francisco,434538,2016,163,23,11.6,0.234,0.383,0.318,0.333,0.149,88.4,6.4,28.6,6.4,48.2,27.9,51.3,93.3,2040,19.3,29.2,85.9,2231,7.7,19.5,85.9,1784,17.1,FALSE
Davies, Zach,605200,2016,163.1,19.8,5.6,0.235,0.364,0.285,0.285,0.129,87.6,11.4,31.2,5.2,27.7,19.9,68.5,89.1,2106,19.1,10.9,72.8,2544,16.6,20.6,79.1,1743,18.8,FALSE
Rodon, Carlos,607074,2016,165,23.5,7.6,0.237,0.367,0.293,0.302,0.13,88.9,13.1,32.5,4.5,43,23.5,64,94,2178,19.2,25.5,87.2,2315,9.7,10.5,84.1,1610,15.9,FALSE
Miley, Wade,489119,2016,166,19.3,6.9,0.273,0.455,0.34,0.332,0.182,89,9.1,35.1,6.7,35.3,20.6,49.8,90.9,2160,20.7,32.3,82.1,2329,7.7,17.9,83.1,1933,19.9,FALSE
Hammel, Jason,434628,2016,166.2,20.8,7.7,0.247,0.428,0.321,0.314,0.181,90,12.4,33.5,7.2,41.8,23.5,50.6,92.7,2199,20.9,46.7,83.9,2319,7.3,2.7,85.4,1692,18.1,FALSE
Gray, Jon,592351,2016,168,26,8.3,0.233,0.375,0.304,0.312,0.142,88.2,12.4,36,6.2,52,26.5,55.3,95.8,2183,19.9,37.3,85.9,2440,9.8,7.4,85.9,1683,17.2,FALSE
Keuchel, Dallas,572971,2016,168,20.5,6.8,0.253,0.393,0.305,0.306,0.14,88.4,3.8,29.6,6.9,38.4,22.9,64.5,88.5,2099,15.7,26.2,78.5,2201,11.6,9.3,80,1598,18,FALSE
Fiers, Mike,571666,2016,168.2,18.5,5.8,0.272,0.444,0.329,0.319,0.172,89.8,12.1,35.5,6.1,33.4,21.5,54.2,89.4,2215,21.2,26.3,76.5,2581,17.2,19.5,83.1,1765,15.7,FALSE
Dickey, R.A.,285079,2016,169.2,17.3,8.7,0.274,0.466,0.349,0.342,0.192,87.6,12.8,34.7,7.3,33.3,23.6,13,82.9,1889,19.4,87,76.6,1592,10.4,,,,,FALSE
Pomeranz, Drew,519141,2016,170.2,26.5,9.2,0.203,0.345,0.276,0.279,0.143,88.1,11.6,28.4,7.3,40.6,25.5,51.2,90.5,2449,18.7,39.2,79.7,2160,14.3,9.6,87,2299,21.6,FALSE
Garcia, Jaime,448802,2016,171.2,20.2,7.7,0.247,0.393,0.307,0.312,0.146,88.7,4.5,28.1,5.7,39.2,21.1,63.5,91.1,2343,14.7,18.4,80.4,2806,13.5,18,82.8,2019,15.7,FALSE
Tillman, Chris,501957,2016,172,19.6,9.2,0.254,0.42,0.329,0.331,0.166,89.1,12.5,34.7,7.8,31.2,21.8,56.5,92.3,2303,21.8,28,81.6,2183,11.5,15.5,84.3,1651,19.4,FALSE
Finnegan, Brandon,605232,2016,172,19.8,11.4,0.256,0.44,0.344,0.347,0.184,88.3,13.9,38.9,8,35.6,22.5,65.2,92.3,2187,19.6,23.4,84,2142,6.6,11.4,85.5,1646,17.3,FALSE
Tomlin, Josh,458708,2016,174,16.3,2.8,0.272,0.47,0.324,0.294,0.198,87.9,10.7,35.4,7.2,28.5,16.8,76.9,87.2,2508,16.2,14.9,75.6,2753,12.7,8.3,83.9,1735,16.8,FALSE
Ray, Robbie,592662,2016,174.1,28.1,9.1,0.239,0.396,0.31,0.315,0.157,89.9,12.4,32.2,6.9,42.2,26.6,71.1,94.8,2274,22.6,22.6,84.8,2152,7,6.3,87.2,1918,18.1,FALSE
Smyly, Drew,592767,2016,175.1,22.6,6.6,0.231,0.404,0.298,0.285,0.173,87.8,21.4,34,6.7,39.2,24.7,71.5,89.6,2170,22.7,22.8,76.2,1762,8.5,5.7,80.3,1477,20.6,FALSE
Maeda, Kenta,628317,2016,175.2,25,7,0.222,0.354,0.278,0.285,0.132,85.7,12.7,34.9,5.4,40.2,27.4,42.9,90.6,2302,20.9,47.4,78.6,2454,12.3,9.6,83.1,1740,19,FALSE
Pineda, Michael,501381,2016,175.2,27.4,7,0.234,0.409,0.304,0.294,0.175,89.8,9.5,35.6,6.7,54.4,31.1,51.6,94.7,2083,17.2,40,86.1,2004,4.8,8.4,89.1,1896,19.6,FALSE
Estrada, Marco,462136,2016,176,22.8,9,0.215,0.367,0.289,0.29,0.152,88.1,21.3,31.9,7.4,37.8,26.1,61.3,88.3,2413,23.8,10.1,76.6,2687,12.5,28.7,77.5,2142,24.1,FALSE
Leake, Mike,502190,2016,176.2,16.5,4,0.273,0.438,0.319,0.306,0.165,89,6.3,29.7,6.2,31,15.9,76.4,90.8,2121,13.5,14.9,80.5,2524,10.4,8.7,85.3,1841,16.1,FALSE
Koehler, Tom,543408,2016,176.2,19,10.7,0.256,0.411,0.328,0.342,0.154,87.8,12,36.4,6.7,39.8,23.2,46.3,92.5,2093,21.4,47.1,82.8,2329,11.2,6.6,85.2,1614,17.9,FALSE
Gonzalez, Gio,461829,2016,177.1,22.4,7.7,0.244,0.394,0.308,0.311,0.15,88.7,9.1,31.2,5.9,35.9,23,63.6,91.4,2226,20.2,19.8,77.7,2842,16.1,16.5,84.4,1708,16.4,FALSE
Weaver, Jered,450308,2016,178,13.4,6.6,0.276,0.486,0.346,0.326,0.21,88.2,21.1,38.3,7.4,24.7,18.5,44.4,83.5,2213,22,38.6,72.7,2457,9.7,17,74.9,1850,21.2,FALSE
Nelson, Jimmy,519076,2016,179.1,17.3,10.7,0.245,0.392,0.325,0.342,0.147,88.7,9.1,27.8,5.5,31.6,18.6,71,93.7,2220,18.5,28.2,85.9,2363,8.9,0.8,86.4,2004,17.1,FALSE
Sabathia, CC,282332,2016,179.2,19.8,8.5,0.219,0.348,0.285,0.294,0.129,85.1,9.7,27.5,4.4,36.3,22.9,71.4,89.3,2104,15.4,22.9,80.4,2085,12,5.7,82.5,1957,14.9,FALSE
Duffy, Danny,518633,2016,179.2,25.7,5.7,0.234,0.419,0.303,0.285,0.185,89.5,15.8,34.8,7.9,43.1,27.2,59.5,95.4,2216,22.8,23.2,84.1,2312,7.6,17.3,85.8,2512,21.6,FALSE
Gausman, Kevin,592332,2016,179.2,23,6.2,0.243,0.407,0.305,0.295,0.164,88.6,12.6,31.5,7.2,36.5,25.4,66,95.3,2303,23.3,13.2,80.3,2266,4.1,20.8,85.1,1585,17.8,FALSE
Fister, Doug,450729,2016,180.1,14.8,8,0.266,0.425,0.328,0.33,0.159,87.5,10.7,34.2,4.5,26.2,15.6,78.9,86.8,1998,17.8,14.7,70.9,2060,14.3,6.4,79.5,1640,15.9,FALSE
Santana, Ervin,429722,2016,181.1,19.9,7.1,0.245,0.398,0.303,0.302,0.153,88.3,13.1,32.8,5.9,38.9,22.8,52.8,93.3,2243,19.2,39.5,84.1,2081,9.4,7.7,85.6,1456,17.9,FALSE
Shields, James,448306,2016,181.2,16.4,10,0.275,0.476,0.357,0.354,0.201,88.7,12.8,34.6,8.4,40,22.2,62.2,89.7,2276,16.9,16.4,77.6,2531,10.1,21.4,84.3,1766,18.4,FALSE
Santiago, Hector,502327,2016,182,18.3,10.1,0.253,0.481,0.35,0.333,0.228,89.7,20.1,33,9.3,29.5,19.8,69.7,91.5,2242,22.7,9,77.2,2140,8.2,21.3,83.4,2004,21.9,FALSE
Fernandez, Jose,605228,2016,182.1,34.3,7.5,0.218,0.326,0.267,0.283,0.108,89.2,11.6,36.2,3.8,54.7,32.7,53.8,95.8,2431,21.3,33.8,84.3,2379,10.7,12.4,88.8,1552,18.3,TRUE
Syndergaard, Noah,592789,2016,183.2,29.3,5.8,0.217,0.32,0.256,0.264,0.103,87.6,6.4,31.8,3.5,47.9,30.3,59.2,98.6,2183,21.3,29.7,89,2112,7.6,11.1,90.3,1765,19.5,TRUE
McHugh, Collin,543521,2016,184.2,22.2,6.8,0.226,0.36,0.281,0.283,0.134,87,14.3,33.6,4.7,40.3,23.8,64.9,89.2,2341,16,30,72.9,2619,18.5,5.1,84.1,1650,15.1,FALSE
Bettis, Chad,518452,2016,186,17,7.2,0.27,0.425,0.326,0.329,0.156,88.7,6.9,31.1,5.6,36.5,21.2,58.6,92.1,1945,14.9,29.7,82.3,2142,8.5,11.7,86.6,1521,11.8,FALSE
Graveman, Kendall,608665,2016,186,13.7,6,0.283,0.449,0.336,0.332,0.166,89.6,6,30,5.5,35,18.1,86,92.1,2301,16.7,6.5,80.2,2320,10.8,7.5,85.6,1700,14.9,FALSE
Ventura, Yordano,570649,2016,186,17.6,9.6,0.264,0.442,0.341,0.342,0.178,89.8,8.6,30.2,7.8,44.7,22,56.2,96.8,2122,22,25.3,83.6,2626,8.9,18.5,86.7,1500,16.4,FALSE
Odorizzi, Jake,543606,2016,187.2,21.5,7,0.249,0.424,0.315,0.306,0.175,89.9,16.6,34.6,8.4,30,21.7,66.6,91.7,2256,22.6,13.6,79.8,2203,12.4,19.8,85.3,1514,17.1,FALSE
Teheran, Julio,527054,2016,188,22,5.4,0.23,0.399,0.294,0.281,0.169,88.8,16.2,33.1,6.5,38.5,24,55.5,91.5,2254,19.6,35.5,79.1,2373,7.2,9,82.9,1518,18.1,FALSE
Lackey, John,407793,2016,188.1,24.1,7.1,0.238,0.395,0.305,0.303,0.157,89.7,14.5,32.6,5.9,43.4,25.2,80.9,90,2244,15.1,13.6,78.9,2329,8,5.5,84.9,1871,19.4,FALSE
Hellickson, Jeremy,476451,2016,189,19.9,5.8,0.255,0.423,0.313,0.304,0.169,87.6,14.7,37.4,6.9,35.6,23.9,49,90.6,2091,22.8,24.8,80.7,2736,15.1,26.1,81.1,1791,18.3,FALSE
Volquez, Edinson,450172,2016,189.1,16.3,8.9,0.272,0.45,0.344,0.344,0.178,88.9,7.4,32.2,6.3,36.4,19.8,53,93.8,2308,21.2,24.8,80.5,2817,10.7,22.2,84,1200,14.2,FALSE
Hendricks, Kyle,543294,2016,190,22.8,5.9,0.204,0.307,0.25,0.259,0.103,86.6,10.1,28.9,3.4,37.2,24.7,65.1,88.3,2018,17.3,7.8,76,2880,13.9,27.1,80.7,2113,14.9,TRUE
Bauer, Trevor,545333,2016,190,20.7,8.6,0.252,0.396,0.317,0.326,0.143,89.6,9.9,30.3,5.7,41.3,22.5,68.1,92.8,2288,19.5,19.6,77.6,2513,16.8,12.3,87,1739,17.9,FALSE
Straily, Dan,573185,2016,191.1,20.5,9.2,0.24,0.418,0.321,0.322,0.178,88.8,18.8,35.7,7.5,39.7,23.2,51.2,89.8,2205,21,30.8,82,2322,7.8,18,82.9,1314,13.8,FALSE
Colon, Bartolo,112526,2016,191.2,16.2,4,0.267,0.424,0.311,0.299,0.157,90,12.2,29.9,5.3,22.1,13.4,89.4,88.4,2148,19.8,6.3,82.5,2282,8.3,4.3,81.4,1683,18.6,FALSE
Sanchez, Aaron,592717,2016,192,20.4,8,0.249,0.396,0.31,0.314,0.147,90,4.5,27.5,6.1,36.4,20.9,75,95.4,2270,21.8,16.2,78.6,2844,17.5,8.8,88.8,2051,21.3,TRUE
Happ, J.A.,457918,2016,195,20.5,7.5,0.253,0.415,0.318,0.315,0.162,89.5,12.2,32.1,7.4,34.1,22.2,73.4,92.2,2348,21,20.3,83.2,2212,7.8,6.3,84.4,1934,22.4,TRUE
Martinez, Carlos,593372,2016,195.1,21.5,8.7,0.223,0.325,0.28,0.3,0.102,87.2,5.8,24.7,3.8,37,22.7,57.3,96.4,2085,19.4,23.4,85.4,2146,8.2,19.3,87.6,2009,18,FALSE
Kennedy, Ian,453178,2016,195.2,22.5,8.1,0.236,0.426,0.319,0.309,0.19,89.3,19.3,32.4,7.7,35.2,23.3,66.2,92.8,2388,23.3,21.9,81,2308,11.9,11.8,84.5,1887,20.1,FALSE
Arrieta, Jake,453562,2016,197.1,23.9,9.6,0.222,0.344,0.287,0.302,0.122,86.7,6.5,30.8,4.8,41.7,25,64.9,94.4,2307,21.5,30.3,86.3,2581,11.2,4.8,89.3,2070,19.4,TRUE
Eickhoff, Jerad,595191,2016,197.1,20.6,5.2,0.234,0.383,0.291,0.283,0.149,88.6,15.4,32.8,5.7,35.9,21.5,52.8,91.6,2209,21.5,42.1,78.5,2433,10.5,5.1,84.6,1806,20.7,FALSE
Nolasco, Ricky,445060,2016,197.2,17.6,5.4,0.26,0.43,0.316,0.304,0.17,88.7,11.6,33.8,6.4,40.3,20.7,48.6,91,2041,19.9,44,79.7,2302,7.1,7.5,80,1386,12.5,FALSE
Moore, Matt,519043,2016,198.1,21.2,8.6,0.228,0.392,0.302,0.3,0.164,88.8,17.1,30.9,6.4,37.8,23.9,65.1,93.2,2279,22.9,22.1,81.9,2514,10.2,12.7,84.9,1564,18.9,FALSE
Wainwright, Adam,425794,2016,198.2,19,7,0.272,0.423,0.326,0.328,0.151,86.9,11.1,37.5,5.9,38,19.8,70.6,88.8,2241,15,26.8,74.4,2657,18.8,2.6,83.3,1583,16.6,FALSE
Perez, Martin,527048,2016,198.2,12,8.9,0.284,0.45,0.35,0.352,0.166,89.6,6.5,31.5,6,31.7,18.1,62.1,93.3,2063,21.3,20.9,83,2303,6.6,17,84.9,1707,19.6,FALSE
Iwakuma, Hisashi,547874,2016,199,17.6,5.5,0.27,0.436,0.323,0.315,0.166,88.7,14.6,33.5,5.8,33.2,17.4,53.3,88.1,2129,18.1,27.5,78.4,2230,10.1,19.3,83.7,1541,15.3,FALSE
Tanaka, Masahiro,547888,2016,199.2,20.5,4.5,0.245,0.378,0.286,0.281,0.134,88.9,9,31.6,4.3,37.5,23.3,36.9,90.9,2096,19.8,33.2,83.1,2237,9.4,29.9,87.2,1594,15.3,TRUE
Hamels, Cole,430935,2016,200.2,23.6,9.1,0.24,0.388,0.31,0.316,0.148,87.6,8,32,6,43,26.8,67.2,92,2071,18.8,14.5,79.8,2141,8.8,18.3,84.7,1623,18.9,FALSE
Archer, Chris,502042,2016,201.1,27.4,7.9,0.229,0.403,0.301,0.292,0.175,90.2,10.3,29.7,8.4,53.2,29.6,48.4,95,2190,21.4,40.6,88.8,2315,7.5,10.9,87.4,1810,15.7,FALSE
Lester, Jon,452657,2016,202.2,24.7,6.5,0.214,0.331,0.265,0.271,0.117,87.4,11.6,31.2,4.1,42.3,23.8,82.5,91.7,2283,18.1,12.6,75.1,2532,11.7,4.9,85.4,1744,16.8,TRUE
Samardzija, Jeff,502188,2016,203.1,20.1,6.5,0.246,0.412,0.305,0.296,0.166,88.7,10.9,31.1,6.1,34.7,20.5,67.3,94.4,2451,18.3,25,84.9,2387,7.7,7.7,86.3,1595,16.9,FALSE
Stroman, Marcus,573186,2016,204,19.4,6.3,0.254,0.383,0.303,0.306,0.128,90.4,0.5,26.5,4.9,39.9,21.3,75.4,92.3,2306,12.5,19.4,83.9,2654,10.3,5.2,85.1,1444,17.3,FALSE
Quintana, Jose,500779,2016,208,21.6,6,0.245,0.372,0.291,0.294,0.127,88.2,16.3,33.1,4.5,33.8,18.6,67.2,92.6,2042,19.5,25,78.1,2134,7.8,7.8,86.6,1322,17.5,TRUE
Roark, Tanner,543699,2016,210,20.1,8.5,0.238,0.374,0.303,0.315,0.136,87.4,8.7,30.5,5.4,33.7,21.7,62.3,92.7,2076,21.5,27.8,82.2,2555,9.6,9.8,84.4,1846,20.1,TRUE
Kluber, Corey,446372,2016,215,26.4,6.6,0.222,0.359,0.28,0.28,0.137,86.7,12,34.4,6,48.4,28.1,52.8,93,2308,19.2,42.7,87,2622,12.5,4.6,85.8,1673,15.2,TRUE
Cueto, Johnny,456501,2016,219.2,22.5,5.1,0.241,0.365,0.284,0.287,0.123,87.8,10.6,30.2,4.4,33.8,21.6,61.9,91.2,2280,19,18.2,84,2282,7.5,19.9,83.3,1573,14.4,TRUE
Porcello, Rick,519144,2016,223,21.2,3.6,0.241,0.408,0.296,0.279,0.167,88.4,13.7,32.8,7,30.7,18.5,60.1,90.9,2395,20.2,26.5,79.6,2654,13.9,13.4,81.4,1688,17,TRUE
Bumgarner, Madison,518516,2016,226.2,27.5,5.9,0.209,0.361,0.272,0.263,0.152,88.5,15.6,29.5,6.7,40.5,25.7,51.1,91.2,2303,19.9,45.3,83.2,2328,12,3.6,84.2,1720,17.2,TRUE
Sale, Chris,519242,2016,226.2,25.7,5,0.231,0.375,0.289,0.286,0.144,88.7,14.6,33.5,5.7,36.5,24.6,55.4,93.7,2235,20.4,25.2,79.1,2251,12,19.3,86.8,2137,20.3,TRUE
Verlander, Justin,434378,2016,227.2,28.1,6.3,0.204,0.359,0.272,0.262,0.155,87.9,19.5,29.8,7.5,40.4,26.7,57.8,94.1,2558,24.5,33.7,84.1,2612,11.7,8.5,85.9,2057,21.3,TRUE
Scherzer, Max,453286,2016,228.1,31.5,6.2,0.191,0.325,0.251,0.247,0.133,87.2,19.4,30.8,6.1,49.1,32.2,57.1,94.8,2548,22.2,30.9,84.6,2379,6.5,12,85.9,1514,18.1,TRUE
Price, David,456034,2016,230,24,5.3,0.24,0.398,0.296,0.286,0.158,87.8,11.5,32.4,6.3,34.9,24.8,68.6,92.1,2120,19.8,8.8,79.5,2203,7.7,22.7,85.1,1806,20.9,FALSE